date,New Snow,Season Total,Settled Base,H2O,Total H20
10/15/2006,,57,,,0
10/16/2006,,57,,,0
10/17/2006,,57,,,0
10/18/2006,,57,,,0
10/19/2006,,57,,,0
10/20/2006,,57,,,0
10/21/2006,,57,,,0
10/22/2006,,57,,,0
10/23/2006,,57,,,0
10/24/2006,,57,,,0
10/25/2006,0,57,,0.02,0.02
10/26/2006,0,57,20.0,0.24,0.26
10/27/2006,,57,,,0.26
10/28/2006,n/a,57,,0.27,0.53
10/29/2006,,57,,,0.53
10/30/2006,,57,,,0.53
10/31/2006,,57,,,0.53
11/1/2006,,57,,,0.53
11/2/2006,n/a,57,,0,0.53
11/3/2006,n/a,57,,0,0.53
11/4/2006,n/a,57,,0,0.53
11/5/2006,n/a,57,,0.02,0.55
11/6/2006,n/a,57,,0.01,0.56
11/7/2006,n/a,57,,0.03,0.59
11/8/2006,n/a,57,,0,0.59
11/9/2006,n/a,57,,0,0.59
11/10/2006,n/a,57,,0.04,0.63
11/11/2006,n/a,57,,0,0.63
11/12/2006,n/a,57,,0.01,0.64
11/13/2006,n/a,57,,0.14,0.78
11/14/2006,n/a,57,,0.02,0.8
11/15/2006,n/a,57,,0.48,1.28
11/16/2006,n/a,57,,0,1.28
11/17/2006,n/a,57,,0.04,1.32
11/18/2006,n/a,57,,0,1.32
11/19/2006,n/a,57,,0,1.32
11/20/2006,n/a,57,,0,1.32
11/21/2006,0,57,20.0,0,1.32
11/22/2006,0,57,21.0,0.01,1.33
11/23/2006,0,57,21.0,0,1.33
11/24/2006,0,57,21.0,0,1.33
11/25/2006,0,57,21.0,0,1.33
11/26/2006,0,57,21.0,0,1.33
11/27/2006,1,58,21.0,0,1.33
11/28/2006,4,62,25.0,0,1.33
11/29/2006,5,67,30.0,0,1.33
11/30/2006,1,68,29.0,0.01,1.34
12/1/2006,2,70,30.0,0.16,1.5
12/2/2006,5,75,32.0,0.15,1.65
12/3/2006,1,76,32.0,0.03,1.68
12/4/2006,0,76,31.0,0,1.68
12/5/2006,0,76,31.0,0.03,1.71
12/6/2006,0,76,28.0,0.01,1.72
12/7/2006,0,76,28.0,0,1.72
12/8/2006,0,76,28.0,0,1.72
12/9/2006,0,76,28.0,0,1.72
12/10/2006,0,76,27.0,0,1.72
12/11/2006,0,76,27.0,0,1.72
12/12/2006,3,79,30.0,0.01,1.73
12/13/2006,2,81,30.0,0,1.73
12/14/2006,2,83,32.0,0.03,1.76
12/15/2006,0,83,32.0,0.03,1.79
12/16/2006,0,83,32.0,0,1.79
12/17/2006,0,83,32.0,0,1.79
12/18/2006,3,86,31.0,0.03,1.82
12/19/2006,0,86,31.0,0,1.82
12/20/2006,1,87,31.0,0.03,1.85
12/21/2006,12,99,39.0,0.23,2.08
12/22/2006,3,102,38.0,0.24,2.32
12/23/2006,0,102,38.0,0,2.32
12/24/2006,0,102,38.0,0,2.32
12/25/2006,1,103,38.0,0.03,2.35
12/26/2006,0,103,38.0,0,2.35
12/27/2006,0,103,36.0,0,2.35
12/28/2006,0,103,36.0,0,2.35
12/29/2006,2,105,37.0,0.04,2.39
12/30/2006,0,105,37.0,0,2.39
12/31/2006,0,105,36.0,0,2.39
1/1/2007,0,105,36.0,0,2.39
1/2/2007,0,105,36.0,0,2.39
1/3/2007,0,105,35.0,0,2.39
1/4/2007,0,105,35.0,0,2.39
1/5/2007,8,113,42.0,0,2.39
1/6/2007,3,116,44.0,0.23,2.62
1/7/2007,2,118,45.0,0.05,2.67
1/8/2007,0,118,44.0,0,2.67
1/9/2007,0,118,43.0,0,2.67
1/10/2007,0,118,42.0,0,2.67
1/11/2007,0,118,41.0,0,2.67
1/12/2007,0,118,41.0,0,2.67
1/13/2007,1,119,41.0,0,2.67
1/14/2007,0,119,41.0,0,2.67
1/15/2007,0,119,41.0,0,2.67
1/16/2007,0,119,41.0,0,2.67
1/17/2007,0,119,41.0,0,2.67
1/18/2007,0,119,41.0,0,2.67
1/19/2007,0,119,40.0,0,2.67
1/20/2007,0,119,40.0,0,2.67
1/21/2007,2,121,42.0,0.03,2.7
1/22/2007,2,123,43.0,0.02,2.72
1/23/2007,0,123,43.0,0,2.72
1/24/2007,0,123,43.0,0,2.72
1/25/2007,0,123,42.0,0,2.72
1/26/2007,0,123,41.0,0,2.72
1/27/2007,0,123,41.0,0,2.72
1/28/2007,0,123,41.0,0,2.72
1/29/2007,0,123,41.0,0,2.72
1/30/2007,0,123,41.0,0,2.72
1/31/2007,5,128,44.0,0.06,2.78
2/1/2007,4,132,47.0,0.03,2.81
2/2/2007,2,134,47.0,0,2.81
2/3/2007,2,136,48.0,0.01,2.82
2/4/2007,1,137,48.0,0,2.82
2/5/2007,0,137,48.0,0,2.82
2/6/2007,0,137,48.0,0,2.82
2/7/2007,0,137,46.0,0,2.82
2/8/2007,0,137,46.0,0,2.82
2/9/2007,0,137,45.0,0,2.82
2/10/2007,0,137,45.0,0,2.82
2/11/2007,1,138,45.0,0,2.82
2/12/2007,1,139,45.0,0.01,2.83
2/13/2007,3,142,49.0,0.01,2.84
2/14/2007,6,148,52.0,0,2.84
2/15/2007,2,150,53.0,0,2.84
2/16/2007,4,154,54.0,0.07,2.91
2/17/2007,5,159,57.0,0,2.91
2/18/2007,0,159,55.0,0,2.91
2/19/2007,1,160,53.0,0,2.91
2/20/2007,4,164,54.0,0,2.91
2/21/2007,0,164,54.0,0,2.91
2/22/2007,0,164,53.0,0,2.91
2/23/2007,0,164,52.0,0,2.91
2/24/2007,3,167,54.0,0.02,2.93
2/25/2007,1,168,54.0,0.01,2.94
2/26/2007,5,173,57.0,0,2.94
2/27/2007,4,177,59.0,0,2.94
2/28/2007,5,182,60.0,0,2.94
3/1/2007,,,,,2.94
3/2/2007,5,187,63.0,0.08,3.02
3/3/2007,2,189,62.0,0,3.02
3/4/2007,1,190,62.0,0.04,3.06
3/5/2007,0,190,61.0,0,3.06
3/6/2007,0,190,60.0,0,3.06
3/7/2007,0,190,58.0,0,3.06
3/8/2007,0,190,58.0,0,3.06
3/9/2007,0,190,56.0,0,3.06
3/10/2007,3,193,59.0,0,3.06
3/11/2007,0,193,58.0,0,3.06
3/12/2007,4,197,61.0,0.04,3.1
3/13/2007,0,197,60.0,0,3.1
3/14/2007,0,197,59.0,0,3.1
3/15/2007,0,197,58.0,0,3.1
3/16/2007,3,200,59.0,0,3.1
3/17/2007,0,200,58.0,0,3.1
3/18/2007,0,200,58.0,0,3.1
3/19/2007,0,200,57.0,0,3.1
3/20/2007,0,200,57.0,0,3.1
3/21/2007,0,200,57.0,0,3.1
3/22/2007,0,200,55.0,0,3.1
3/23/2007,0,200,54.0,0,3.1
3/24/2007,0,200,54.0,0,3.1
3/25/2007,0,200,53.0,0,3.1
3/26/2007,10,210,64.0,0.1,3.2
3/27/2007,0,210,62.0,0,3.2
3/28/2007,0,210,61.0,0,3.2
3/29/2007,2,212,61.0,0,3.2
3/30/2007,3,215,63.0,0,3.2
3/31/2007,9,224,70.0,,3.2
4/1/2007,2,226,70.0,0.02,3.22
4/2/2007,1,227,69.0,0.02,3.24
4/3/2007,0,227,67.0,0,3.24
4/4/2007,0,227,66.0,0,3.24
4/5/2007,0,227,64.0,0,3.24
4/6/2007,3,230,64.0,0,3.24
4/7/2007,1,231,65.0,0,3.24
4/8/2007,0,231,64.0,0,3.24
4/9/2007,5,236,68.0,0.03,3.27
4/10/2007,5,241,71.0,0,3.27
4/11/2007,5,246,73.0,0,3.27
4/12/2007,6,252,75.0,0.03,3.3
4/13/2007,0,252,72.0,0,3.3
4/14/2007,2,254,72.0,0,3.3
4/15/2007,0,254,71.0,0,3.3
,,,,,
10/15/2007,5,11.0,,,0
10/16/2007,0,11.0,,,0
10/17/2007,2,13.0,,,0
10/18/2007,2,15.0,,,0
10/19/2007,0,15.0,,,0
10/20/2007,0,15.0,,,0
10/21/2007,5,20.0,,,0
10/22/2007,4,24.0,,,0
10/23/2007,0,24.0,,,0
10/24/2007,0,24.0,,,0
10/25/2007,0,24.0,,,0
10/26/2007,,24.0,,,0
10/27/2007,0,24.0,,2.5,2.5
10/28/2007,,24.0,,,2.5
10/29/2007,,24.0,,,2.5
10/30/2007,,24.0,,,2.5
10/31/2007,1,25.0,,,2.5
11/1/2007,1,26.0,,,2.5
11/2/2007,0,26.0,,0,2.5
11/3/2007,0,26.0,,0,2.5
11/4/2007,0,26.0,,0,2.5
11/5/2007,0,26.0,,0,2.5
11/6/2007,0,26.0,,0,2.5
11/7/2007,0,26.0,,0,2.5
11/8/2007,0,26.0,,0,2.5
11/9/2007,0,26.0,,0,2.5
11/10/2007,0,26.0,,0,2.5
11/11/2007,0.0,26.0,,0,2.5
11/12/2007,0.0,26.0,,0,2.5
11/13/2007,0.0,26.0,,0.01,2.51
11/14/2007,1.0,27.0,,0.01,2.52
11/15/2007,0.0,27.0,,0.01,2.53
11/16/2007,0.0,27.0,,0,2.53
11/17/2007,0.0,27.0,,0,2.53
11/18/2007,0.0,27.0,,0,2.53
11/19/2007,0.0,27.0,,0,2.53
11/20/2007,0.0,27.0,,0,2.53
11/21/2007,4.0,31.0,,0,2.53
11/22/2007,0.0,31.0,,0,2.53
11/23/2007,0.0,31.0,,0,2.53
11/24/2007,1.0,32.0,,0,2.53
11/25/2007,0.0,32.0,,0,2.53
11/26/2007,0.0,32.0,,0,2.53
11/27/2007,0.0,32.0,,0,2.53
11/28/2007,3.0,35.0,,0,2.53
11/29/2007,0.0,35.0,,0,2.53
11/30/2007,0.0,35.0,,0,2.53
12/1/2007,1.0,36.0,,0.01,2.54
12/2/2007,7.0,43.0,,0.5,3.04
12/3/2007,0.0,43.0,,0,3.04
12/4/2007,0.0,43.0,,0,3.04
12/5/2007,0.0,43.0,,0,3.04
12/6/2007,9.0,52.0,,,3.04
12/7/2007,9.0,61.0,27.0,,3.04
12/8/2007,8.0,69.0,33.0,0.42,3.46
12/9/2007,6.0,75.0,37.0,0.35,3.81
12/10/2007,0.0,75.0,34.0,0,3.81
12/11/2007,1.0,76.0,33.0,0.02,3.83
12/12/2007,1.0,77.0,32.0,0.09,3.92
12/13/2007,0.0,77.0,32.0,0,3.92
12/14/2007,0.0,77.0,30.0,0,3.92
12/15/2007,1.0,78.0,31.0,0.04,3.96
12/16/2007,1.0,79.0,31.0,0.03,3.99
12/17/2007,0.0,79.0,31.0,0,3.99
12/18/2007,0.0,79.0,31.0,0,3.99
12/19/2007,0.0,79.0,30.0,0,3.99
12/20/2007,1.0,80.0,31.0,0.02,4.01
12/21/2007,1.0,81.0,31.0,0.01,4.02
12/22/2007,4.0,85.0,34.0,0.21,4.23
12/23/2007,0.0,85.0,34.0,0,4.23
12/24/2007,2.0,87.0,34.0,0.12,4.35
12/25/2007,3.0,90.0,36.0,0.04,4.39
12/26/2007,1.0,91.0,35.0,0.04,4.43
12/27/2007,1.0,92.0,35.0,0.07,4.5
12/28/2007,1.0,93.0,35.0,0.04,4.54
12/29/2007,1.0,94.0,34.0,0.02,4.56
12/30/2007,1.0,95.0,35.0,0.13,4.69
12/31/2007,4.0,99.0,38.0,0.32,5.01
1/1/2008,0.0,99.0,37.0,0,5.01
1/2/2008,0.0,99.0,36.0,0,5.01
1/3/2008,0.0,99.0,35.0,0,5.01
1/4/2008,0.0,99.0,34.0,0,5.01
1/5/2008,0.0,99.0,34.0,0,5.01
1/6/2008,3.0,102.0,37.0,0.23,5.24
1/7/2008,5.0,107.0,40.0,0.32,5.56
1/8/2008,5.0,112.0,45.0,0,5.56
1/9/2008,2.0,114.0,46.0,0.04,5.6
1/10/2008,3.0,117.0,46.0,0.18,5.78
1/11/2008,2.0,119.0,45.0,0.08,5.86
1/12/2008,6.0,125.0,49.0,0.27,6.13
1/13/2008,2.0,127.0,48.0,0.1,6.23
1/14/2008,0.0,127.0,45.0,0,6.23
1/15/2008,0.0,127.0,44.0,0,6.23
1/16/2008,1.0,128.0,45.0,0.03,6.26
1/17/2008,0.0,128.0,42.0,0,6.26
1/18/2008,2.0,130.0,44.0,0.11,6.37
1/19/2008,1.0,131.0,43.0,0.04,6.41
1/20/2008,1.0,132.0,44.0,0.1,6.51
1/21/2008,0.0,132.0,43.0,0,6.51
1/22/2008,2.0,134.0,45.0,0.13,6.64
1/23/2008,1.0,135.0,45.0,0.06,6.7
1/24/2008,0.0,135.0,45.0,0,6.7
1/25/2008,1.0,136.0,44.0,0.07,6.77
1/26/2008,2.0,138.0,45.0,0.07,6.84
1/27/2008,0.0,138.0,44.0,0,6.84
1/28/2008,1.0,139.0,45.0,0,6.84
1/29/2008,3.0,142.0,48.0,0,6.84
1/30/2008,1.0,143.0,48.0,0.16,7
1/31/2008,2.0,145.0,49.0,0.12,7.12
2/1/2008,2.0,147.0,49.0,0.09,7.21
2/2/2008,4.0,151.0,52.0,0.02,7.23
2/3/2008,2.0,153.0,51.0,0.07,7.3
2/4/2008,2.0,155.0,51.0,0.07,7.37
2/5/2008,3.0,158.0,53.0,0,7.37
2/6/2008,0.0,158.0,52.0,0,7.37
2/7/2008,2.0,160.0,52.0,0.12,7.49
2/8/2008,5.0,165.0,57.0,0.35,7.84
2/9/2008,1.0,166.0,57.0,0.07,7.91
2/10/2008,0.0,166.0,55.0,0,7.91
2/11/2008,0.0,166.0,53.0,0,7.91
2/12/2008,6.0,172.0,58.0,0,7.91
2/13/2008,1.0,173.0,56.0,0,7.91
2/14/2008,0.0,173.0,54.0,0,7.91
2/15/2008,2.0,175.0,53.0,0.06,7.97
2/16/2008,0.0,175.0,53.0,0,7.97
2/17/2008,1.0,176.0,53.0,0.01,7.98
2/18/2008,1.0,177.0,53.0,0.08,8.06
2/19/2008,0.0,177.0,53.0,0,8.06
2/20/2008,0.0,177.0,52.0,0,8.06
2/21/2008,0.0,177.0,52.0,0,8.06
2/22/2008,4.0,181.0,55.0,0.13,8.19
2/23/2008,0.0,181.0,54.0,0,8.19
2/24/2008,4.0,185.0,57.0,0.24,8.43
2/25/2008,8.0,193.0,62.0,0.7,9.13
2/26/2008,4.0,197.0,64.0,0.16,9.29
2/27/2008,0.0,197.0,61.0,0,9.29
2/28/2008,0.0,197.0,59.0,0,9.29
2/29/2008,0.0,197.0,58.0,0.03,9.32
3/1/2008,0.0,197.0,57.0,0,9.32
3/2/2008,2.0,199.0,60.0,0.06,9.38
3/3/2008,4.0,203.0,60.0,0,9.38
3/4/2008,0.0,203.0,59.0,0,9.38
3/5/2008,1.0,204.0,60.0,0.12,9.5
3/6/2008,1.0,205.0,60.0,0.02,9.52
3/7/2008,2.0,207.0,59.0,0.08,9.6
3/8/2008,0.0,207.0,60.0,0,9.6
3/9/2008,2.0,209.0,61.0,0.03,9.63
3/10/2008,0.0,209.0,58.0,0,9.63
3/11/2008,1.0,210.0,59.0,0,9.63
3/12/2008,0.0,210.0,58.0,0,9.63
3/13/2008,2.0,212.0,59.0,0.08,9.71
3/14/2008,8.0,220.0,66.0,0.6,10.31
3/15/2008,3.0,223.0,67.0,0.11,10.42
3/16/2008,1.0,224.0,64.0,0.02,10.44
3/17/2008,6.0,230.0,68.0,0.31,10.75
3/18/2008,2.0,232.0,67.0,0,10.75
3/19/2008,0.0,232.0,65.0,0,10.75
3/20/2008,0.0,232.0,64.0,0,10.75
3/21/2008,4.0,236.0,65.0,0.21,10.96
3/22/2008,3.0,239.0,65.0,0.02,10.98
3/23/2008,0.0,239.0,64.0,0,10.98
3/24/2008,0.0,239.0,63.0,0,10.98
3/25/2008,0.0,239.0,62.0,0,10.98
3/26/2008,0.0,239.0,61.0,0,10.98
3/27/2008,0.0,239.0,60.0,0,10.98
3/28/2008,1.0,240.0,60.0,0.08,11.06
3/29/2008,0.0,240.0,60.0,0,11.06
3/30/2008,1.0,241.0,60.0,0.05,11.11
3/31/2008,6.0,247.0,66.0,0.41,11.52
4/1/2008,6.0,253.0,67.0,0,11.52
4/2/2008,1.0,254.0,66.0,0,11.52
4/3/2008,1.0,255.0,65.0,0.11,11.63
4/4/2008,3.0,258.0,68.0,0.13,11.76
4/5/2008,0.0,258.0,65.0,0,11.76
4/6/2008,3.0,261.0,67.0,0.17,11.93
4/7/2008,2.0,263.0,68.0,0.09,12.02
4/8/2008,6.0,269.0,72.0,0.42,12.44
4/9/2008,0.0,269.0,69.0,0,12.44
4/10/2008,4.0,273.0,71.0,0.23,12.67
4/11/2008,7.0,280.0,76.0,0.31,12.98
4/12/2008,2.0,282.0,75.0,0.09,13.07
4/13/2008,2.0,284.0,75.0,0.09,13.16
4/14/2008,,284.0,,,13.16
4/15/2008,,284.0,,,13.16
,,,,,
10/15/2008,,,,,0
10/16/2008,,,,,0
10/17/2008,,,,,0
10/18/2008,,,,,0
10/19/2008,,,,,0
10/20/2008,,,,,0
10/21/2008,2,2.0,,,0
10/22/2008,5,7.0,,,0
10/23/2008,2,9.0,,,0
10/24/2008,0,9.0,,,0
10/25/2008,0,9.0,,,0
10/26/2008,0,9.0,,,0
10/27/2008,0,9.0,,,0
10/28/2008,0,9.0,,,0
10/29/2008,0,9.0,,,0
10/30/2008,0,9.0,,,0
10/31/2008,0,9.0,,,0
11/1/2008,0,9.0,,,0
11/2/2008,0,9.0,,0,0
11/3/2008,1,10.0,,0.06,0.06
11/4/2008,0,10.0,,0,0.06
11/5/2008,2,12.0,,0.07,0.13
11/6/2008,0,12.0,,0,0.13
11/7/2008,0,12.0,,0,0.13
11/8/2008,0,12.0,,0,0.13
11/9/2008,0,12.0,,0,0.13
11/10/2008,0,12.0,,0,0.13
11/11/2008,2,14.0,,0.08,0.21
11/12/2008,3,17.0,,0.16,0.37
11/13/2008,1,18.0,,0.07,0.44
11/14/2008,2,20.0,,0.23,0.67
11/15/2008,0,20.0,,0,0.67
11/16/2008,0,20.0,,0,0.67
11/17/2008,0,20.0,,0,0.67
11/18/2008,0,20.0,,0,0.67
11/19/2008,0,20.0,,0,0.67
11/20/2008,0,20.0,,0,0.67
11/21/2008,0,20.0,,0,0.67
11/22/2008,0.0,20.0,,0,0.67
11/23/2008,0.0,20.0,,0,0.67
11/24/2008,0.0,20.0,,0,0.67
11/25/2008,0.0,20.0,,0,0.67
11/26/2008,0.0,20.0,,0,0.67
11/27/2008,0.0,20.0,,0,0.67
11/28/2008,3.0,23.0,,0.06,0.73
11/29/2008,2.0,25.0,,0.19,0.92
11/30/2008,4.0,29.0,,0.48,1.4
12/1/2008,2.0,31.0,,0.34,1.74
12/2/2008,0.0,31.0,,0,1.74
12/3/2008,3.0,34.0,,0.29,2.03
12/4/2008,4.0,38.0,,0.25,2.28
12/5/2008,4.0,42.0,,0.28,2.56
12/6/2008,0.0,42.0,25.0,0,2.56
12/7/2008,0.0,42.0,23.0,0,2.56
12/8/2008,0.0,42.0,21.0,0,2.56
12/9/2008,1.0,43.0,22.0,0.05,2.61
12/10/2008,0.0,43.0,21.0,0,2.61
12/11/2008,0.0,43.0,20.0,0,2.61
12/12/2008,0.0,43.0,21.0,0,2.61
12/13/2008,3.0,46.0,24.0,0.29,2.9
12/14/2008,5.0,51.0,27.0,0.34,3.24
12/15/2008,2.0,53.0,27.0,0.15,3.39
12/16/2008,1.0,54.0,27.0,0.03,3.42
12/17/2008,2.0,56.0,27.0,0.18,3.6
12/18/2008,0.0,56.0,26.0,0,3.6
12/19/2008,3.0,59.0,28.0,0.28,3.88
12/20/2008,2.0,61.0,29.0,0.21,4.09
12/21/2008,1.0,62.0,29.0,0.17,4.26
12/22/2008,0.0,62.0,27.0,0,4.26
12/23/2008,7.0,69.0,34.0,0.47,4.73
12/24/2008,2.0,71.0,34.0,0.19,4.92
12/25/2008,0.0,71.0,32.0,0,4.92
12/26/2008,0.0,71.0,31.0,0,4.92
12/27/2008,4.0,75.0,34.0,0.18,5.1
12/28/2008,3.0,78.0,34.0,0.06,5.16
12/29/2008,0.0,78.0,36.0,0,5.16
12/30/2008,0.0,78.0,33.0,0,5.16
12/31/2008,0.0,78.0,32.0,0,5.16
1/1/2009,0.0,78.0,31.0,0,5.16
1/2/2009,0.0,78.0,31.0,0.04,5.2
1/3/2009,0.0,78.0,30.0,0,5.2
1/4/2009,4.0,82.0,34.0,0.15,5.35
1/5/2009,0.0,82.0,34.0,0,5.35
1/6/2009,1.0,83.0,33.0,0,5.35
1/7/2009,1.0,84.0,33.0,0,5.35
1/8/2009,0.0,84.0,33.0,0,5.35
1/9/2009,0.0,84.0,33.0,0.03,5.38
1/10/2009,5.0,89.0,36.0,0.11,5.49
1/11/2009,1.0,90.0,36.0,0.04,5.53
1/12/2009,4.0,94.0,37.0,0.13,5.66
1/13/2009,1.0,95.0,37.0,0.18,5.84
1/14/2009,0.0,95.0,36.0,0,5.84
1/15/2009,0.0,95.0,35.0,0,5.84
1/16/2009,0.0,95.0,35.0,0,5.84
1/17/2009,0.0,95.0,34.0,0,5.84
1/18/2009,0.0,95.0,34.0,0,5.84
1/19/2009,0.0,95.0,34.0,0,5.84
1/20/2009,0.0,95.0,33.0,0,5.84
1/21/2009,0.0,95.0,32.0,0,5.84
1/22/2009,0.0,95.0,32.0,0,5.84
1/23/2009,0.0,95.0,32.0,0.07,5.91
1/24/2009,6.0,101.0,38.0,0.52,6.43
1/25/2009,4.0,105.0,41.0,0.32,6.75
1/26/2009,3.0,108.0,41.0,0.13,6.88
1/27/2009,3.0,111.0,42.0,0.17,7.05
1/28/2009,2.0,113.0,42.0,0.08,7.13
1/29/2009,3.0,116.0,43.0,0.21,7.34
1/30/2009,1.0,117.0,43.0,0.09,7.43
1/31/2009,0.0,117.0,42.0,0,7.43
2/1/2009,1.0,118.0,42.0,0.09,7.52
2/2/2009,0.0,118.0,41.0,0,7.52
2/3/2009,0.0,118.0,39.0,0,7.52
2/4/2009,0.0,118.0,39.0,0,7.52
2/5/2009,0.0,118.0,39.0,0,7.52
2/6/2009,0.0,118.0,39.0,0,7.52
2/7/2009,0.0,118.0,38.0,0,7.52
2/8/2009,0.0,118.0,37.0,0,7.52
2/9/2009,3.0,121.0,40.0,0.16,7.68
2/10/2009,1.0,122.0,41.0,0,7.68
2/11/2009,4.0,126.0,43.0,0.14,7.82
2/12/2009,0.0,126.0,41.0,0,7.82
2/13/2009,2.0,128.0,43.0,0.15,7.97
2/14/2009,0.0,128.0,42.0,0,7.97
2/15/2009,2.0,130.0,44.0,0.18,8.15
2/16/2009,0.0,130.0,42.0,0,8.15
2/17/2009,0.0,130.0,41.0,0,8.15
2/18/2009,4.0,134.0,46.0,0.24,8.39
2/19/2009,2.0,136.0,46.0,0.04,8.43
2/20/2009,0.0,136.0,45.0,0,8.43
2/21/2009,0.0,136.0,44.0,0,8.43
2/22/2009,0.0,136.0,43.0,0,8.43
2/23/2009,0.0,136.0,43.0,0,8.43
2/24/2009,10.0,146.0,53.0,0.86,9.29
2/25/2009,0.0,146.0,51.0,0,9.29
2/26/2009,2.0,148.0,51.0,0.17,9.46
2/27/2009,3.0,151.0,52.0,0.07,9.53
2/28/2009,2.0,153.0,52.0,0.22,9.75
3/1/2009,,,,,9.75
3/2/2009,0.0,153,50,0,9.75
3/3/2009,0.0,153.0,49.0,0,9.75
3/4/2009,0.0,153.0,47.0,0,9.75
3/5/2009,0.0,153.0,46.0,0,9.75
3/6/2009,0.0,153.0,46.0,0,9.75
3/7/2009,0.0,153.0,45.0,0,9.75
3/8/2009,0.0,153.0,45.0,0,9.75
3/9/2009,2.0,155.0,47.0,0.11,9.86
3/10/2009,0.0,155.0,46.0,0,9.86
3/11/2009,4.0,159.0,50.0,0.23,10.09
3/12/2009,1.0,160.0,50.0,0,10.09
3/13/2009,0.0,160.0,48.0,0,10.09
3/14/2009,1.0,161.0,47.0,0.02,10.11
3/15/2009,0.0,161.0,47.0,0,10.11
3/16/2009,0.0,161.0,46.0,0,10.11
3/17/2009,0.0,161.0,46.0,0,10.11
3/18/2009,0.0,161.0,45.0,0,10.11
3/19/2009,0.0,161.0,44.0,0,10.11
3/20/2009,0.0,161.0,44.0,0,10.11
3/21/2009,0.0,161.0,44.0,0,10.11
3/22/2009,0.0,161.0,43.0,0,10.11
3/23/2009,0.0,161.0,43.0,0,10.11
3/24/2009,4.0,165.0,48.0,0.36,10.47
3/25/2009,7.0,172.0,55.0,0.33,10.8
3/26/2009,2.0,174.0,55.0,0.07,10.87
3/27/2009,9.0,183.0,58.0,0.26,11.13
3/28/2009,2.0,185.0,58.0,0.02,11.15
3/29/2009,0.0,185.0,57.0,0,11.15
3/30/2009,0.0,185.0,55.0,0,11.15
3/31/2009,6.0,191.0,60.0,0.14,11.29
4/1/2009,1.0,192.0,60.0,0,11.29
4/2/2009,2.0,194.0,58.0,0,11.29
4/3/2009,3.0,197.0,61.0,0,11.29
4/4/2009,0.0,197.0,58.0,0,11.29
4/5/2009,3.0,200.0,62.0,0.18,11.47
4/6/2009,6.0,206.0,66.0,0.28,11.75
4/7/2009,1.0,207.0,64.0,0,11.75
4/8/2009,0.0,207.0,62.0,0,11.75
4/9/2009,0.0,207.0,60.0,0,11.75
4/10/2009,0.0,207.0,58.0,0,11.75
4/11/2009,2.0,209.0,59.0,0.06,11.81
4/12/2009,0.0,209.0,58.0,0,11.81
4/13/2009,1.0,210.0,58.0,0.04,11.85
4/14/2009,0.0,210.0,58.0,0.44,12.29
4/15/2009,,210.0,58.0,,12.29
,,,,,
10/15/2009,1,11,,,0
10/16/2009,0,11,,,0
10/17/2009,0,11,,,0
10/18/2009,0,11,,,0
10/19/2009,0,11,,,0
10/20/2009,0,11,,,0
10/21/2009,1,12,,,0
10/22/2009,0,12,,,0
10/23/2009,1,13,,,0
10/24/2009,0,13,,,0
10/25/2009,3,16,,,0
10/26/2009,1,17,,0,0
10/27/2009,0,17,,0,0
10/28/2009,3,20,,0.09,0.09
10/29/2009,1,21,,0,0.09
10/30/2009,3,24,,0.04,0.13
10/31/2009,3,27,,0.21,0.34
11/1/2009,0,27,,0,0.34
11/2/2009,0,27,,,0.34
11/3/2009,0,27,,,0.34
11/4/2009,0,27,,0,0.34
11/5/2009,0,27,,0,0.34
11/6/2009,0,27,,0,0.34
11/7/2009,0,27,,0,0.34
11/8/2009,0,27,,0,0.34
11/9/2009,0,27,,0,0.34
11/10/2009,0,27,,0,0.34
11/11/2009,0,27,,0,0.34
11/12/2009,0,27,,0,0.34
11/13/2009,0,27,,0,0.34
11/14/2009,2,29,,0.09,0.43
11/15/2009,4,33,,0.41,0.84
11/16/2009,0,33,,0,0.84
11/17/2009,0,33,,0,0.84
11/18/2009,0,33,,0,0.84
11/19/2009,0,33,,0,0.84
11/20/2009,0,33,,0,0.84
11/21/2009,0,33,,0,0.84
11/22/2009,0,33,,,0.84
11/23/2009,2,35,,0.15,0.99
11/24/2009,0,35,,0.01,1
11/25/2009,0,35,,0,1
11/26/2009,0,35,,0,1
11/27/2009,0,35,,0,1
11/28/2009,0,35,,0,1
11/29/2009,0,35,,0,1
11/30/2009,0,35,,0,1
12/1/2009,0,35,,0,1
12/2/2009,0,35,,0,1
12/3/2009,0,35,,0.01,1.01
12/4/2009,0,35,18,0,1.01
12/5/2009,0,35,18,0,1.01
12/6/2009,0,35,18,0,1.01
12/7/2009,0,35,18,0,1.01
12/8/2009,0,35,18,0,1.01
12/9/2009,2,37,18,0.02,1.03
12/10/2009,0,37,18,0,1.03
12/11/2009,0,37,18,0,1.03
12/12/2009,0,37,18,0,1.03
12/13/2009,0,37,18,0,1.03
12/14/2009,6,43,24,0.22,1.25
12/15/2009,0,43,23,0.06,1.31
12/16/2009,0,43,22,0,1.31
12/17/2009,1,44,22,0,1.31
12/18/2009,4,48,25,0.11,1.42
12/19/2009,0,48,24,0.11,1.53
12/20/2009,0,48,24,0,1.53
12/21/2009,0,48,23,0,1.53
12/22/2009,0,48,23,0,1.53
12/23/2009,1,49,23,0.06,1.59
12/24/2009,6,55,28,0.03,1.62
12/25/2009,0,55,26,0,1.62
12/26/2009,0,55,26,0.01,1.63
12/27/2009,0,55,25,0,1.63
12/28/2009,0,55,24,0,1.63
12/29/2009,0,55,24,0,1.63
12/30/2009,1,56,26,0,1.63
12/31/2009,2,58,26,0.04,1.67
1/1/2010,0,58,25,0,1.67
1/2/2010,1,59,26,0.08,1.75
1/3/2010,5,64,30,0.2,1.95
1/4/2010,1,65,29,0,1.95
1/5/2010,0,65,29,0,1.95
1/6/2010,0,65,28,0,1.95
1/7/2010,4,69,32,0.09,2.04
1/8/2010,0,69,31,0,2.04
1/9/2010,0,69,30,0,2.04
1/10/2010,0,69,29,0,2.04
1/11/2010,0,69,29,0,2.04
1/12/2010,0,69,29,0,2.04
1/13/2010,0,69,27,0,2.04
1/14/2010,0,69,27,0,2.04
1/15/2010,0,69,27,0,2.04
1/16/2010,0,69,26,0,2.04
1/17/2010,0,69,26,0,2.04
1/18/2010,1,70,26,0.05,2.09
1/19/2010,0,70,26,0,2.09
1/20/2010,2,72,28,0.05,2.14
1/21/2010,0,72,28,0,2.14
1/22/2010,0,72,27,0,2.14
1/23/2010,1,73,28,0.03,2.17
1/24/2010,3,76,31,0.21,2.38
1/25/2010,2,78,31,0.01,2.39
1/26/2010,0,78,31,0.01,2.4
1/27/2010,3,81,33,0.16,2.56
1/28/2010,0,81,32,0.03,2.59
1/29/2010,0,81,31,0,2.59
1/30/2010,0,81,31,0,2.59
1/31/2010,0,81,31,0,2.59
2/1/2010,1,82,31,0,2.59
2/2/2010,1,83,32,0.02,2.61
2/3/2010,0,83,31,0,2.61
2/4/2010,2,85,33,0.05,2.66
2/5/2010,3,88,35,0.02,2.68
2/6/2010,0,88,35,0,2.68
2/7/2010,1,89,35,0.01,2.69
2/8/2010,0,89,34,0,2.69
2/9/2010,0,89,34,0,2.69
2/10/2010,0,89,33,0,2.69
2/11/2010,0,89,33,0,2.69
2/12/2010,2,91,34,0,2.69
2/13/2010,3,94,37,0,2.69
2/14/2010,2,96,37,0.19,2.88
2/15/2010,0,96,36,0,2.88
2/16/2010,2,98,37,0.02,2.9
2/17/2010,1,99,37,0,2.9
2/18/2010,1,100,37,0.04,2.94
2/19/2010,3,103,39,0.05,2.99
2/20/2010,4,107,41,0.24,3.23
2/21/2010,4,111,42,0.16,3.39
2/22/2010,3,114,44,0.18,3.57
2/23/2010,0,114,42,0.03,3.6
2/24/2010,0,114,41,0,3.6
2/25/2010,1,115,42,0,3.6
2/26/2010,3,118,42,0.06,3.66
2/27/2010,0,118,41,0,3.66
2/28/2010,0,118,40,0,3.66
3/1/2010,,,,,3.66
3/2/2010,6,124,46,0.01,3.67
3/3/2010,0,124,44,0.01,3.68
3/4/2010,0,124,42,0,3.68
3/5/2010,0,124,41,0,3.68
3/6/2010,1,125,42,0.02,3.7
3/7/2010,1,126,42,0.02,3.72
3/8/2010,0,126,42,0,3.72
3/9/2010,4,130,44,0.15,3.87
3/10/2010,3,133,47,0.09,3.96
3/11/2010,0,133,45,0.02,3.98
3/12/2010,3,136,47,0.03,4.01
3/13/2010,1,137,46,0.03,4.04
3/14/2010,0,137,44,0,4.04
3/15/2010,0,137,43,0,4.04
3/16/2010,1,138,43,0,4.04
3/17/2010,0,138,42,0,4.04
3/18/2010,0,138,42,0,4.04
3/19/2010,0,138,42,0,4.04
3/20/2010,0,138,41,0,4.04
3/21/2010,1,139,42,0.01,4.05
3/22/2010,0,139,41,0,4.05
3/23/2010,0,139,41,0,4.05
3/24/2010,0,139,41,0,4.05
3/25/2010,5,144,45,0.2,4.25
3/26/2010,1,145,45,0.09,4.34
3/27/2010,0,145,44,0,4.34
3/28/2010,4,149,47,0.07,4.41
3/29/2010,2,151,47,0.09,4.5
3/30/2010,0,151,46,0.01,4.51
3/31/2010,0,151,45,0,4.51
4/1/2010,0,151,43,0,4.51
4/2/2010,0,151,42,0,4.51
4/3/2010,3,154,46,0.1,4.61
4/4/2010,0,154,45,0,4.61
4/5/2010,2,156,45,0.12,4.73
4/6/2010,0,156,44,0,4.73
4/7/2010,1,157,44,0.04,4.77
4/8/2010,4,161,49,0.08,4.85
4/9/2010,1,162,47,0.13,4.98
4/10/2010,0,162,46,0,4.98
4/11/2010,0,162,44,0,4.98
4/12/2010,0,162,44,0,4.98
4/13/2010,0,162,43,0,4.98
4/14/2010,,,,,4.98
4/15/2010,,,,,4.98
,,,,,
10/15/2010,,0,,,0
10/16/2010,,0,,,0
10/17/2010,,0,,,0
10/18/2010,,0,,,0
10/19/2010,1,1,2,0.11,0.11
10/20/2010,,1,,,0.11
10/21/2010,,1,,,0.11
10/22/2010,2,3,3,0.11,0.22
10/23/2010,3,6,8,0.2,0.42
10/24/2010,5,11,10,0.03,0.45
10/25/2010,1,12,10,0.15,0.6
10/26/2010,9,21,17,0.15,0.75
10/27/2010,,29,20,,0.75
10/28/2010,0,29,17,0.15,0.9
10/29/2010,,29,,,0.9
10/30/2010,,29,,,0.9
10/31/2010,1,30,16,0.15,1.05
11/1/2010,2,32,15,0.15,1.2
11/2/2010,0,32,15,,1.2
11/3/2010,0,32,14,0,1.2
11/4/2010,0,32,14,0,1.2
11/5/2010,0,32,13,0,1.2
11/6/2010,0,32,13,0,1.2
11/7/2010,0,32,13,0,1.2
11/8/2010,0,32,13,0,1.2
11/9/2010,0,32,13,0,1.2
11/10/2010,5,37,18,0.3,1.5
11/11/2010,1,38,17,0.06,1.56
11/12/2010,2,40,18,0.06,1.62
11/13/2010,1,41,,0.02,1.64
11/14/2010,5,46,22,0.26,1.9
11/15/2010,4,50,24,0.25,2.15
11/16/2010,6,56,27,0,2.15
11/17/2010,8,64,31,0.52,2.67
11/18/2010,0,64,28,0,2.67
11/19/2010,0,64,26,0,2.67
11/20/2010,0,64,24,0,2.67
11/21/2010,0,64,24,0,2.67
11/22/2010,5,69,28,0.39,3.06
11/23/2010,1,70,27,0.08,3.14
11/24/2010,1,71,27,0.03,3.17
11/25/2010,3,74,27,0.17,3.34
11/26/2010,0,74,26,0,3.34
11/27/2010,0,74,25,0,3.34
11/28/2010,0,74,25,0,3.34
11/29/2010,2,76,26,0.1,3.44
11/30/2010,1,77,28,0.04,3.48
12/1/2010,1,78,27,0.03,3.51
12/2/2010,1,79,27,0,3.51
12/3/2010,0,79,25,0,3.51
12/4/2010,0,79,26,0,3.51
12/5/2010,0,79,25,0,3.51
12/6/2010,0,79,25,0,3.51
12/7/2010,5,84,30,0.33,3.84
12/8/2010,1,85,30,0.17,4.01
12/9/2010,0,85,29,0,4.01
12/10/2010,0,85,28,0,4.01
12/11/2010,4,89,31,0.03,4.04
12/12/2010,0,89,30,0,4.04
12/13/2010,1,90,31,0,4.04
12/14/2010,0,90,31,0,4.04
12/15/2010,0,90,30,0,4.04
12/16/2010,5,95,34,0.33,4.37
12/17/2010,0,95,33,0,4.37
12/18/2010,1,96,33,0.08,4.45
12/19/2010,8,104,38,0.44,4.89
12/20/2010,6,110,41,0.03,4.92
12/21/2010,4,114,41,0.31,5.23
12/22/2010,0,114,39,0,5.23
12/23/2010,0,114,39,0,5.23
12/24/2010,1,115,39,0.01,5.24
12/25/2010,0,115,38,0,5.24
12/26/2010,0,115,37,0,5.24
12/27/2010,4,119,40,0,5.24
12/28/2010,2,121,38,0.01,5.25
12/29/2010,0,121,37,0,5.25
12/30/2010,0,121,37,0,5.25
12/31/2010,5,126,40,0.02,5.27
1/1/2011,1,127,40,0,5.27
1/2/2011,1,128,,0.02,5.29
1/3/2011,3,131,40,0.03,5.32
1/4/2011,0,131,39,0.01,5.33
1/5/2011,2,133,40,0.1,5.43
1/6/2011,2,135,42,0.05,5.48
1/7/2011,0,135,41,0,5.48
1/8/2011,0,135,40,0,5.48
1/9/2011,3,138,41,0.08,5.56
1/10/2011,5,143,44,0.24,5.8
1/11/2011,1,144,43,0.04,5.84
1/12/2011,0,144,42,0,5.84
1/13/2011,1,145,42,0.02,5.86
1/14/2011,1,146,41,0.01,5.87
1/15/2011,1,147,41,0,5.87
1/16/2011,1,148,41,0.03,5.9
1/17/2011,2,150,42,0,5.9
1/18/2011,4,154,45,0.39,6.29
1/19/2011,1,155,45,0.05,6.34
1/20/2011,6,161,48,0.29,6.63
1/21/2011,7,168,53,0,6.63
1/22/2011,7,175,54,0.03,6.66
1/23/2011,6,181,56,0,6.66
1/24/2011,2,183,54,0.08,6.74
1/25/2011,1,184,52,0.02,6.76
1/26/2011,2,186,52,0.01,6.77
1/27/2011,1,187,51,0,6.77
1/28/2011,0,187,,0,6.77
1/29/2011,0,187,49,0,6.77
1/30/2011,0,187,49,0,6.77
1/31/2011,0,187,49,0,6.77
2/1/2011,2,189,49,0.03,6.8
2/2/2011,1,190,49,0,6.8
2/3/2011,0,190,47,0,6.8
2/4/2011,1,191,48,0.01,6.81
2/5/2011,6,197,52,0.31,7.12
2/6/2011,9,206,58,0.41,7.53
2/7/2011,3,209,57,0.12,7.65
2/8/2011,6,215,60,0.3,7.95
2/9/2011,1,216,58,0.01,7.96
2/10/2011,0,216,58,0,7.96
2/11/2011,0,216,55,0,7.96
2/12/2011,0,216,54,0,7.96
2/13/2011,0,216,53,0,7.96
2/14/2011,0,216,52,0,7.96
2/15/2011,0,216,52,0,7.96
2/16/2011,0,216,52,0,7.96
2/17/2011,1,217,50,0.04,8
2/18/2011,5,222,55,0.22,8.22
2/19/2011,0,222,54,0,8.22
2/20/2011,5,227,57,0.34,8.56
2/21/2011,4,231,57,0.15,8.71
2/22/2011,0,231,56,0,8.71
2/23/2011,0,231,55,0,8.71
2/24/2011,0,231,55,0,8.71
2/25/2011,4,235,56,0.15,8.86
2/26/2011,6,241,59,0.12,8.98
2/27/2011,3,244,59,0.12,9.1
2/28/2011,4,248,60,0.12,9.22
3/1/2011,,,,,9.22
3/2/2011,0,248,59,0,9.22
3/3/2011,0,248,57,0,9.22
3/4/2011,0,248,56,0,9.22
3/5/2011,6,254,60,0.26,9.48
3/6/2011,0,254,59,0,9.48
3/7/2011,2,256,59,0.11,9.59
3/8/2011,3,259,60,0.13,9.72
3/9/2011,0,259,60,0,9.72
3/10/2011,2,261,60,0.07,9.79
3/11/2011,0,261,59,0,9.79
3/12/2011,0,261,58,0,9.79
3/13/2011,0,261,57,0,9.79
3/14/2011,3,264,59,0.22,10.01
3/15/2011,2,266,59,0.05,10.06
3/16/2011,4,270,62,0.23,10.29
3/17/2011,0,270,62,0,10.29
3/18/2011,0,270,59,0,10.29
3/19/2011,8,278,65,0.51,10.8
3/20/2011,0,278,63,0,10.8
3/21/2011,0,278,62,0,10.8
3/22/2011,0,278,60,0,10.8
3/23/2011,4,282,62,0.23,11.03
3/24/2011,4,286,64,0.18,11.21
3/25/2011,0,286,63,0,11.21
3/26/2011,1,287,62,0,11.21
3/27/2011,2,289,62,0,11.21
3/28/2011,2,291,62,0.1,11.31
3/29/2011,11,302,71,0.57,11.88
3/30/2011,14,316,77,0.55,12.43
3/31/2011,1,317,73,0.03,12.46
4/1/2011,10,327,80,0.86,13.32
4/2/2011,3,330,77,0,13.32
4/3/2011,0,330,75,0,13.32
4/4/2011,0,330,73,0,13.32
4/5/2011,11,341,83,0.8,14.12
4/6/2011,0,341,83,0,14.12
4/7/2011,0,341,78,0,14.12
4/8/2011,0,341,76,0,14.12
4/9/2011,0,341,75,0,14.12
4/10/2011,0,341,74,0,14.12
4/11/2011,1,342,73,0.06,14.18
4/12/2011,n/a,342,,0,14.18
4/13/2011,,342,,,14.18
4/14/2011,,342,,,14.18
4/15/2011,,342,,,14.18
,,,,,
10/15/2011,0,0,,,0
10/16/2011,0,0,,,0
10/17/2011,5,5,10,,0
10/18/2011,1,6,9,,0
10/19/2011,0,6,7,,0
10/20/2011,0,6,7,,0
10/21/2011,0,6,7,,0
10/22/2011,0,6,7,,0
10/23/2011,0,6,7,,0
10/24/2011,0,6,7,,0
10/25/2011,0,6,6,,0
10/26/2011,7,13,13,,0
10/27/2011,4,17,14,,0
10/28/2011,0,17,13,,0
10/29/2011,0,17,13,,0
10/30/2011,0,17,13,,0
10/31/2011,0,17,13,,0
11/1/2011,0,17,13,,0
11/2/2011,3,20,14,,0
11/3/2011,0,20,18,0,0
11/4/2011,0,20,18,0,0
11/5/2011,0,20,18,0,0
11/6/2011,2,22,18,0.01,0.01
11/7/2011,0,22,18,0,0.01
11/8/2011,1,23,18,0.01,0.02
11/9/2011,1,24,18,0.01,0.03
11/10/2011,0,24,18,0,0.03
11/11/2011,0,24,18,0,0.03
11/12/2011,0,24,18,0,0.03
11/13/2011,1,25,18,0.01,0.04
11/14/2011,2,27,18,0.01,0.05
11/15/2011,0,27,18,0,0.05
11/16/2011,2,29,18,0,0.05
11/17/2011,0,29,18,0,0.05
11/18/2011,0,29,18,0,0.05
11/19/2011,1,30,18,0.02,0.07
11/20/2011,0,30,18,0,0.07
11/21/2011,0,30,18,0,0.07
11/22/2011,4,34,18,0.08,0.15
11/23/2011,0,34,18,0,0.15
11/24/2011,0,34,18,0,0.15
11/25/2011,0,34,18,0,0.15
11/26/2011,1,35,18,0.05,0.2
11/27/2011,0,35,18,0,0.2
11/28/2011,0,35,18,0,0.2
11/29/2011,0,35,18,0,0.2
11/30/2011,0,35,18,0,0.2
12/1/2011,1,36,18,0.01,0.21
12/2/2011,0,36,18,0,0.21
12/3/2011,0,36,18,0,0.21
12/4/2011,2,38,18,0.06,0.27
12/5/2011,1,39,19,0.02,0.29
12/6/2011,0,39,18,0,0.29
12/7/2011,0,39,18,0,0.29
12/8/2011,0,39,18,0,0.29
12/9/2011,1,40,18,0,0.29
12/10/2011,0,40,18,0,0.29
12/11/2011,0,40,18,0,0.29
12/12/2011,0,40,18,0,0.29
12/13/2011,0,40,18,0,0.29
12/14/2011,0,40,18,0,0.29
12/15/2011,2,42,20,0,0.29
12/16/2011,0,42,19,0,0.29
12/17/2011,0,42,19,0,0.29
12/18/2011,0,42,18,0,0.29
12/19/2011,0,42,18,0,0.29
12/20/2011,0,42,18,0,0.29
12/21/2011,0,42,18,0,0.29
12/22/2011,5,47,22,0.06,0.35
12/23/2011,0,47,21,0,0.35
12/24/2011,0,47,21,0,0.35
12/25/2011,0,47,20,0,0.35
12/26/2011,0,47,20,0,0.35
12/27/2011,0,47,19,0,0.35
12/28/2011,0,47,19,0,0.35
12/29/2011,0,47,19,0,0.35
12/30/2011,1,48,20,0.01,0.36
12/31/2011,0,48,19,0,0.36
1/1/2012,0,48,19,0,0.36
1/2/2012,0,48,19,0,0.36
1/3/2012,0,48,19,0,0.36
1/4/2012,0,48,19,0,0.36
1/5/2012,0,48,19,0,0.36
1/6/2012,0,48,18,0,0.36
1/7/2012,0,48,18,0,0.36
1/8/2012,5,53,23,0.13,0.49
1/9/2012,0,53,22,0,0.49
1/10/2012,0,53,22,0,0.49
1/11/2012,0,53,22,0,0.49
1/12/2012,1,54,23,0,0.49
1/13/2012,0,54,23,0,0.49
1/14/2012,0,54,23,0,0.49
1/15/2012,0,54,22,0,0.49
1/16/2012,0,54,22,0,0.49
1/17/2012,4,58,25,0.09,0.58
1/18/2012,0,58,24,0,0.58
1/19/2012,2,60,26,0.06,0.64
1/20/2012,2,62,27,0.07,0.71
1/21/2012,2,64,28,0,0.71
1/22/2012,6,70,32,0.17,0.88
1/23/2012,0,70,32,0,0.88
1/24/2012,0,70,30,0,0.88
1/25/2012,0,70,30,0,0.88
1/26/2012,0,70,29,0,0.88
1/27/2012,5,75,34,0.18,1.06
1/28/2012,0,75,33,0,1.06
1/29/2012,0,75,33,0,1.06
1/30/2012,0,75,32,0,1.06
1/31/2012,0,75,31,0,1.06
2/1/2012,0,75,31,0,1.06
2/2/2012,0,75,30,0,1.06
2/3/2012,0,75,30,0,1.06
2/4/2012,0,75,29,0,1.06
2/5/2012,0,75,30,0,1.06
2/6/2012,0,75,30,0,1.06
2/7/2012,4,79,32,0,1.06
2/8/2012,0,79,32,0,1.06
2/9/2012,3,82,35,0,1.06
2/10/2012,1,83,34,0.02,1.08
2/11/2012,4,87,,0.01,1.09
2/12/2012,0,87,35,0,1.09
2/13/2012,4,91,37,0,1.09
2/14/2012,1,92,37,0,1.09
2/15/2012,2,94,38,0.03,1.12
2/16/2012,0,94,36,0,1.12
2/17/2012,0,94,35,0,1.12
2/18/2012,2,96,37,0.01,1.13
2/19/2012,0,96,36,0,1.13
2/20/2012,2,98,37,0,1.13
2/21/2012,2,100,37,0,1.13
2/22/2012,1,101,37,0,1.13
2/23/2012,1,102,37,0.03,1.16
2/24/2012,1,103,37,0.02,1.18
2/25/2012,0,103,36,0,1.18
2/26/2012,0,103,36,0,1.18
2/27/2012,0,103,36,0,1.18
2/28/2012,0,103,35,0,1.18
2/29/2012,5,108,40,0,1.18
3/1/2012,2,110,40,0.02,1.2
3/2/2012,3,113,42,0.09,1.29
3/3/2012,0,113,41,0,1.29
3/4/2012,3,116,44,0.02,1.31
3/5/2012,0,116,43,0,1.31
3/6/2012,0,116,42,0,1.31
3/7/2012,0,116,40,0,1.31
3/8/2012,1,117,40,0.02,1.33
3/9/2012,0,117,39,0,1.33
3/10/2012,0,117,39,0,1.33
3/11/2012,0,117,38,0,1.33
3/12/2012,0,117,38,0,1.33
3/13/2012,0,117,37,0,1.33
3/14/2012,0,117,37,0,1.33
3/15/2012,0,117,37,0,1.33
3/16/2012,0,117,37,0,1.33
3/17/2012,0,117,36,0,1.33
3/18/2012,0,117,36,0,1.33
3/19/2012,2,119,37,0.01,1.34
3/20/2012,1,120,37,0,1.34
3/21/2012,0,120,37,0,1.34
3/22/2012,0,120,37,0,1.34
3/23/2012,0,120,36,0,1.34
3/24/2012,0,120,36,0,1.34
3/25/2012,0,120,35,0,1.34
3/26/2012,0,120,36,0,1.34
3/27/2012,0,120,36,0,1.34
3/28/2012,0,120,36,0,1.34
3/29/2012,0,120,34,0,1.34
3/30/2012,0,120,34,0,1.34
3/31/2012,0,120,34,0,1.34
4/1/2012,0,120,34,0,1.34
4/2/2012,0,120,34,0,1.34
4/3/2012,0,120,34,0,1.34
4/4/2012,1,121,35,0,1.34
4/5/2012,0,121,35,0,1.34
4/6/2012,0,121,33,0,1.34
4/7/2012,0,121,33,0,1.34
4/8/2012,0,121,33,0,1.34
4/9/2012,0,121,32,0,1.34
4/10/2012,,121,,,1.34
4/11/2012,,121,,,1.34
4/12/2012,,121,,,1.34
4/13/2012,,121,,,1.34
4/14/2012,,121,,,1.34
4/15/2012,,121,,,1.34
,,,,,
10/15/2012,0,0,,,0
10/16/2012,0,0,,,0
10/17/2012,3,3,5,,0
10/18/2012,,3,,,0
10/19/2012,,3,,,0
10/20/2012,,3,,,0
10/21/2012,,3,,,0
10/22/2012,,3,,,0
10/23/2012,,3,,,0
10/24/2012,0,3,0,0,0
10/25/2012,4,7,,,0
10/26/2012,5,12,,,0
10/27/2012,,12,,,0
10/28/2012,,12,,,0
10/29/2012,,12,,,0
10/30/2012,,12,,,0
10/31/2012,,12,,,0
11/1/2012,0,12,0,0,0
11/2/2012,0,12,18,0,0
11/3/2012,0,12,18,0,0
11/4/2012,0,12,18,0,0
11/5/2012,0,12,18,0,0
11/6/2012,0,12,18,0,0
11/7/2012,0,12,18,0,0
11/8/2012,0,12,18,0,0
11/9/2012,0,12,18,0,0
11/10/2012,0,12,18,0,0
11/11/2012,6,18,18,0.16,0.16
11/12/2012,2,20,18,0.08,0.24
11/13/2012,0,20,18,0,0.24
11/14/2012,0,20,18,0,0.24
11/15/2012,0,20,18,0,0.24
11/16/2012,0,20,18,0,0.24
11/17/2012,0,20,18,0,0.24
11/18/2012,0,20,18,0,0.24
11/19/2012,0,20,18,0,0.24
11/20/2012,0,20,18,0,0.24
11/21/2012,0,20,18,0,0.24
11/22/2012,0,20,18,0,0.24
11/23/2012,0,20,18,0,0.24
11/24/2012,0,20,18,0,0.24
11/25/2012,0,20,18,0,0.24
11/26/2012,0,20,18,0,0.24
11/27/2012,0,20,18,0,0.24
11/28/2012,0,20,18,0,0.24
11/29/2012,0,20,18,0,0.24
11/30/2012,0,20,18,0,0.24
12/1/2012,,20,,,0.24
12/2/2012,0,20,18,0,0.24
12/3/2012,0,20,18,0,0.24
12/4/2012,1,21,18,0,0.24
12/5/2012,0,21,18,0,0.24
12/6/2012,0,21,18,0,0.24
12/7/2012,1,22,18,0,0.24
12/8/2012,1,23,18,0,0.24
12/9/2012,6,29,18,0.2,0.44
12/10/2012,1,30,18,0.12,0.56
12/11/2012,4,34,18,0.08,0.64
12/12/2012,0,34,18,0,0.64
12/13/2012,0,34,18,0,0.64
12/14/2012,0,34,18,0,0.64
12/15/2012,4,38,18,0.089,0.729
12/16/2012,3,41,20,0.06,0.789
12/17/2012,3,44,21,0.09,0.879
12/18/2012,5,49,23,0.09,0.969
12/19/2012,1,50,22,0.05,1.019
12/20/2012,2,52,22,0,1.019
12/21/2012,0,52,21,0,1.019
12/22/2012,0,52,20,0,1.019
12/23/2012,0,52,20,0,1.019
12/24/2012,0,52,19,0,1.019
12/25/2012,6,58,23,0.13,1.149
12/26/2012,0,58,23,0,1.149
12/27/2012,2,60,24,0.06,1.209
12/28/2012,2,62,24,0,1.209
12/29/2012,0,62,24,0,1.209
12/30/2012,0,62,23,0,1.209
12/31/2012,0,62,23,0,1.209
1/1/2013,2,64,23,0,1.209
1/2/2013,1,65,24,0,1.209
1/3/2013,0,65,24,0,1.209
1/4/2013,0,65,24,0,1.209
1/5/2013,0,65,23,0,1.209
1/6/2013,0,65,23,0,1.209
1/7/2013,0,65,22,0,1.209
1/8/2013,0,65,22,0,1.209
1/9/2013,0,65,22,0,1.209
1/10/2013,0,65,21,0,1.209
1/11/2013,0,65,21,0,1.209
1/12/2013,3,68,24,0.11,1.319
1/13/2013,0,68,23,0,1.319
1/14/2013,0,68,23,0,1.319
1/15/2013,0,68,23,0,1.319
1/16/2013,3,71,25,0,1.319
1/17/2013,0,71,25,0,1.319
1/18/2013,0,71,24,0,1.319
1/19/2013,0,71,24,0,1.319
1/20/2013,0,71,23,0,1.319
1/21/2013,0,71,24,0,1.319
1/22/2013,0,71,23,0,1.319
1/23/2013,0,71,23,0,1.319
1/24/2013,0,71,23,0,1.319
1/25/2013,1,72,22,0,1.319
1/26/2013,0,72,23,0,1.319
1/27/2013,2,74,24,0.05,1.369
1/28/2013,0,74,24,0,1.369
1/29/2013,3,77,27,0.04,1.409
1/30/2013,1,78,27,0,1.409
1/31/2013,4,82,29,0,1.409
2/1/2013,2,84,29,,1.409
2/2/2013,3,87,32,0.09,1.499
2/3/2013,0,87,31,0,1.499
2/4/2013,0,87,31,0,1.499
2/5/2013,0,87,30,0,1.499
2/6/2013,0,87,30,0,1.499
2/7/2013,2,89,30,0.04,1.539
2/8/2013,0,89,29,0,1.539
2/9/2013,1,90,30,0.02,1.559
2/10/2013,3,93,32,0.07,1.629
2/11/2013,1,94,32,0.02,1.649
2/12/2013,1,95,32,0.02,1.669
2/13/2013,0,95,32,0,1.669
2/14/2013,1,96,32,0.01,1.679
2/15/2013,1,97,32,0.04,1.719
2/16/2013,0,97,32,0,1.719
2/17/2013,0,97,31,0,1.719
2/18/2013,3,100,35,0.04,1.759
2/19/2013,1,101,34,,1.759
2/20/2013,0,101,33,0,1.759
2/21/2013,1,102,33,0.01,1.769
2/22/2013,2,104,34,0,1.769
2/23/2013,1,105,34,0,1.769
2/24/2013,5,110,38,0.05,1.819
2/25/2013,2,112,38,0,1.819
2/26/2013,0,112,37,0,1.819
2/27/2013,3,115,37,0,1.819
2/28/2013,0,115,37,0,1.819
3/1/2013,,,,,1.819
3/2/2013,3,118,38,0,1.819
3/3/2013,1,119,38,0.02,1.839
3/4/2013,0,119,37,0,1.839
3/5/2013,5,124,42,0,1.839
3/6/2013,4,128,43,0,1.839
3/7/2013,0,128,43,0,1.839
3/8/2013,0,128,41,0,1.839
3/9/2013,0,128,40,0,1.839
3/10/2013,3,131,,,1.839
3/11/2013,4,135,45,0.1,1.939
3/12/2013,1,136,44,0,1.939
3/13/2013,3,139,45,0.06,1.999
3/14/2013,0,139,44,0,1.999
3/15/2013,0,139,43,0,1.999
3/16/2013,0,139,42,0,1.999
3/17/2013,0,139,41,0,1.999
3/18/2013,2,141,42,0.06,2.059
3/19/2013,3,144,45,0,2.059
3/20/2013,4,148,48,,2.059
3/21/2013,0,148,46,0,2.059
3/22/2013,1,149,45,0.02,2.079
3/23/2013,6,155,49,0,2.079
3/24/2013,4,159,50,0.08,2.159
3/25/2013,3,162,50,0.05,2.209
3/26/2013,0,162,49,0,2.209
3/27/2013,0,162,48,0,2.209
3/28/2013,1,163,48,0.05,2.259
3/29/2013,4,167,50,0.06,2.319
3/30/2013,0,167,48,0,2.319
3/31/2013,1,168,48,0.02,2.339
4/1/2013,1,169,47,0.02,2.359
4/2/2013,0,169,46,0,2.359
4/3/2013,1,170,47,0,2.359
4/4/2013,2,172,48,0.05,2.409
4/5/2013,0,172,47,0,2.409
4/6/2013,0,172,46,0,2.409
4/7/2013,2,174,47,0.05,2.459
4/8/2013,1,175,47,0.02,2.479
4/9/2013,1,176,47,0,2.479
4/10/2013,,176,,,2.479
4/11/2013,,176,,,2.479
4/12/2013,,176,,,2.479
4/13/2013,,176,,,2.479
4/14/2013,,176,,,2.479
4/15/2013,,176,,,2.479
,,,,,
10/15/2013,0,0,,,0
10/16/2013,0,0,,,0
10/17/2013,0,0,,,0
10/18/2013,0,0,,,0
10/19/2013,0,0,,,0
10/20/2013,0,0,,,0
10/21/2013,0,0,,,0
10/22/2013,2,2,,,0
10/23/2013,0,2,,,0
10/24/2013,0,2,,,0
10/25/2013,0,2,,,0
10/26/2013,0,2,,,0
10/27/2013,0,2,0,0,0
10/28/2013,3,5,,,0
10/29/2013,0,5,,,0
10/30/2013,0,5,,,0
10/31/2013,0,5,0,0,0
11/1/2013,0,5,,,0
11/2/2013,0,5,,,0
11/3/2013,2,7,,,0
11/4/2013,3,10,0,0,0
11/5/2013,0,10,,,0
11/6/2013,0,10,0,0,0
11/7/2013,0,10,0,0,0
11/8/2013,0,10,0,0,0
11/9/2013,0,10,0,0,0
11/10/2013,0,10,0,0,0
11/11/2013,6,16,0,0.17,0.17
11/12/2013,4,20,0,0.07,0.24
11/13/2013,9,29,0,0.2,0.44
11/14/2013,9,38,0,0.25,0.69
11/15/2013,3,41,21,0.09,0.78
11/16/2013,11,52,28,0.3,1.08
11/17/2013,0,52,25,0,1.08
11/18/2013,0,52,23,0,1.08
11/19/2013,0,52,22,0,1.08
11/20/2013,0,52,20,0,1.08
11/21/2013,0,52,20,0,1.08
11/22/2013,0,52,19,0,1.08
11/23/2013,5,57,23,0.16,1.24
11/24/2013,2,59,23,0.06,1.3
11/25/2013,2,61,24,0.08,1.38
11/26/2013,4,65,25,0.1,1.48
11/27/2013,1,66,24,0.03,1.51
11/28/2013,0,66,23,0,1.51
11/29/2013,0,66,22,0,1.51
11/30/2013,0,66,21,0,1.51
12/1/2013,0,66,22,0,1.51
12/2/2013,0,66,21,0,1.51
12/3/2013,0,66,21,0,1.51
12/4/2013,0,66,20,0,1.51
12/5/2013,0,66,20,0,1.51
12/6/2013,0,66,19,0,1.51
12/7/2013,0,66,20,,1.51
12/8/2013,0,66,20,0,1.51
12/9/2013,0,66,20,0,1.51
12/10/2013,0,66,20,0,1.51
12/11/2013,0,66,19,0,1.51
12/12/2013,0,66,19,0,1.51
12/13/2013,0,66,19,0,1.51
12/14/2013,5,71,24,0.13,1.64
12/15/2013,3,74,26,0.07,1.71
12/16/2013,0,74,26,0,1.71
12/17/2013,0,74,25,0,1.71
12/18/2013,2,76,25,0.03,1.74
12/19/2013,2,78,26,0.01,1.75
12/20/2013,0,78,26,0,1.75
12/21/2013,3,81,28,0.05,1.8
12/22/2013,4,85,32,0.13,1.93
12/23/2013,2,87,32,0.12,2.05
12/24/2013,1,88,32,0.02,2.07
12/25/2013,0,88,31,0,2.07
12/26/2013,1,89,31,0,2.07
12/27/2013,2,91,31,0.04,2.11
12/28/2013,0,91,31,0,2.11
12/29/2013,3,94,34,0.06,2.17
12/30/2013,0,94,33,0,2.17
12/31/2013,0,94,32,0,2.17
1/1/2014,0,94,32,0,2.17
1/2/2014,1,95,32,0,2.17
1/3/2014,2,97,32,0,2.17
1/4/2014,4,101,35,0.02,2.19
1/5/2014,0,101,34,0,2.19
1/6/2014,0,101,33,0,2.19
1/7/2014,0,101,32,0,2.19
1/8/2014,0,101,32,0,2.19
1/9/2014,0,101,32,0,2.19
1/10/2014,0,101,31,0,2.19
1/11/2014,0,101,31,0,2.19
1/12/2014,1,102,31,0.02,2.21
1/13/2014,0,102,31,0,2.21
1/14/2014,0,102,31,0,2.21
1/15/2014,0,102,31,0,2.21
1/16/2014,0,102,31,0,2.21
1/17/2014,2,104,33,0.04,2.25
1/18/2014,0,104,31,0,2.25
1/19/2014,0,104,31,0,2.25
1/20/2014,7,111,38,0.14,2.39
1/21/2014,2,113,38,0.02,2.41
1/22/2014,2,115,37,0.01,2.42
1/23/2014,0,115,36,0,2.42
1/24/2014,0,115,35,0,2.42
1/25/2014,1,116,35,0,2.42
1/26/2014,0,116,35,0,2.42
1/27/2014,0,116,35,0,2.42
1/28/2014,0,116,35,0,2.42
1/29/2014,0,116,35,0,2.42
1/30/2014,0,116,34,0,2.42
1/31/2014,0,116,34,0,2.42
2/1/2014,2,118,35,0.02,2.44
2/2/2014,0,118,35,0,2.44
2/3/2014,1,119,36,,2.44
2/4/2014,1,120,36,0.04,2.48
2/5/2014,9,129,44,0.29,2.77
2/6/2014,0,129,43,0,2.77
2/7/2014,0,129,42,0,2.77
2/8/2014,0,129,41,0,2.77
2/9/2014,0,129,40,0,2.77
2/10/2014,0,129,39,0,2.77
2/11/2014,3,132,41,0.04,2.81
2/12/2014,0,132,40,0,2.81
2/13/2014,0,132,39,0,2.81
2/14/2014,0,132,39,0,2.81
2/15/2014,0,132,39,0,2.81
2/16/2014,2,134,40,0,2.81
2/17/2014,2,136,41,0.05,2.86
2/18/2014,0,136,41,0,2.86
2/19/2014,0,136,40,0,2.86
2/20/2014,0,136,39,0,2.86
2/21/2014,4,140,43,0.1,2.96
2/22/2014,2,142,43,0.02,2.98
2/23/2014,2,144,44,0.05,3.03
2/24/2014,1,145,44,0,3.03
2/25/2014,1,146,43,0.01,3.04
2/26/2014,3,149,45,0.04,3.08
2/27/2014,3,152,46,0,3.08
2/28/2014,1,153,46,0,3.08
3/1/2014,,,,,3.08
3/2/2014,2,155,46,0.04,3.12
3/3/2014,1,156,46,0.02,3.14
3/4/2014,2,158,48,0.06,3.2
3/5/2014,5,163,52,0.13,3.33
3/6/2014,1,164,50,0.01,3.34
3/7/2014,0,164,49,0,3.34
3/8/2014,0,164,48,0,3.34
3/9/2014,0,164,48,0,3.34
3/10/2014,0,164,47,0,3.34
3/11/2014,0,164,47,0,3.34
3/12/2014,0,164,47,0,3.34
3/13/2014,0,164,46,0,3.34
3/14/2014,4,168,48,0.05,3.39
3/15/2014,0,168,48,0,3.39
3/16/2014,0,168,47,0,3.39
3/17/2014,0,168,46,0,3.39
3/18/2014,0,168,46,0,3.39
3/19/2014,0,168,46,0,3.39
3/20/2014,3,171,47,0.07,3.46
3/21/2014,0,171,47,0,3.46
3/22/2014,0,171,46,0,3.46
3/23/2014,0,171,46,0,3.46
3/24/2014,0,171,46,0,3.46
3/25/2014,5,176,51,0.2,3.66
3/26/2014,3,179,51,0.06,3.72
3/27/2014,2,181,52,0.05,3.77
3/28/2014,0,181,51,0,3.77
3/29/2014,0,181,50,0,3.77
3/30/2014,1,182,50,0.02,3.79
3/31/2014,0,182,50,0,3.79
4/1/2014,0,182,49,0,3.79
4/2/2014,0,182,49,0,3.79
4/3/2014,0,182,48,0,3.79
4/4/2014,8,190,56,0.14,3.93
4/5/2014,0,190,53,0,3.93
4/6/2014,0,190,52,0,3.93
4/7/2014,0,190,51,0,3.93
4/8/2014,0,190,49,,3.93
4/9/2014,0,190,49,0,3.93
4/10/2014,0,190,49,0,3.93
4/11/2014,1,191,49,0,3.93
4/12/2014,0,191,48,0,3.93
4/13/2014,0,191,48,0,3.93
4/14/2014,0,191,48,0,3.93
4/15/2014,,191,,,3.93
,,,,,
10/15/2014,0,0,,,0
10/16/2014,0,0,,,0
10/17/2014,0,0,,,0
10/18/2014,0,0,,,0
10/19/2014,0,0,,,0
10/20/2014,0,0,,,0
10/21/2014,0,0,,,0
10/22/2014,2,2,,,0
10/23/2014,0,2,,,0
10/24/2014,0,2,,,0
10/25/2014,0,2,,,0
10/26/2014,0,2,,,0
10/27/2014,0,2,0,0,0
10/28/2014,3,5,,,0
10/29/2014,0,5,,,0
10/30/2014,0,5,,,0
10/31/2014,0,5,0,0,0
11/1/2014,0,5,,,0
11/2/2014,0,5,,,0
11/3/2014,2,7,,,0
11/4/2014,3,10,0,0,0
11/5/2014,0,10,,,0
11/6/2014,0,10,0,0,0
11/7/2014,0,10,0,0,0
11/8/2014,0,10,0,0,0
11/9/2014,0,10,0,0,0
11/10/2014,0,10,0,0,0
11/11/2014,6,16,0,0.17,0.17
11/12/2014,4,20,0,0.07,0.24
11/13/2014,9,29,0,0.2,0.44
11/14/2014,9,38,0,0.25,0.69
11/15/2014,3,41,21,0.09,0.78
11/16/2014,11,52,28,0.3,1.08
11/17/2014,0,52,25,0,1.08
11/18/2014,0,52,23,0,1.08
11/19/2014,0,52,22,0,1.08
11/20/2014,0,52,20,0,1.08
11/21/2014,0,52,20,0,1.08
11/22/2014,0,52,19,0,1.08
11/23/2014,5,57,23,0.16,1.24
11/24/2014,2,59,23,0.06,1.3
11/25/2014,2,61,24,0.08,1.38
11/26/2014,4,65,25,0.1,1.48
11/27/2014,1,66,24,0.03,1.51
11/28/2014,0,66,23,0,1.51
11/29/2014,0,66,22,0,1.51
11/30/2014,0,66,21,0,1.51
12/1/2014,0,66,22,0,1.51
12/2/2014,0,66,21,0,1.51
12/3/2014,0,66,21,0,1.51
12/4/2014,0,66,20,0,1.51
12/5/2014,0,66,20,0,1.51
12/6/2014,0,66,19,0,1.51
12/7/2014,0,66,20,,1.51
12/8/2014,0,66,20,0,1.51
12/9/2014,0,66,20,0,1.51
12/10/2014,0,66,20,0,1.51
12/11/2014,0,66,19,0,1.51
12/12/2014,0,66,19,0,1.51
12/13/2014,0,66,19,0,1.51
12/14/2014,5,71,24,0.13,1.64
12/15/2014,3,74,26,0.07,1.71
12/16/2014,0,74,26,0,1.71
12/17/2014,0,74,25,0,1.71
12/18/2014,2,76,25,0.03,1.74
12/19/2014,2,78,26,0.01,1.75
12/20/2014,0,78,26,0,1.75
12/21/2014,3,81,28,0.05,1.8
12/22/2014,4,85,32,0.13,1.93
12/23/2014,2,87,32,0.12,2.05
12/24/2014,1,88,32,0.02,2.07
12/25/2014,0,88,31,0,2.07
12/26/2014,1,89,31,0,2.07
12/27/2014,2,91,31,0.04,2.11
12/28/2014,0,91,31,0,2.11
12/29/2014,3,94,34,0.06,2.17
12/30/2014,0,94,33,0,2.17
12/31/2014,0,94,32,0,2.17
1/1/2015,0,94,32,0,2.17
1/2/2015,1,95,32,0,2.17
1/3/2015,2,97,32,0,2.17
1/4/2015,4,101,35,0.02,2.19
1/5/2015,0,101,34,0,2.19
1/6/2015,0,101,33,0,2.19
1/7/2015,0,101,32,0,2.19
1/8/2015,0,101,32,0,2.19
1/9/2015,0,101,32,0,2.19
1/10/2015,0,101,31,0,2.19
1/11/2015,0,101,31,0,2.19
1/12/2015,1,102,31,0.02,2.21
1/13/2015,0,102,31,0,2.21
1/14/2015,0,102,31,0,2.21
1/15/2015,0,102,31,0,2.21
1/16/2015,0,102,31,0,2.21
1/17/2015,2,104,33,0.04,2.25
1/18/2015,0,104,31,0,2.25
1/19/2015,0,104,31,0,2.25
1/20/2015,7,111,38,0.14,2.39
1/21/2015,2,113,38,0.02,2.41
1/22/2015,2,115,37,0.01,2.42
1/23/2015,0,115,36,0,2.42
1/24/2015,0,115,35,0,2.42
1/25/2015,1,116,35,0,2.42
1/26/2015,0,116,35,0,2.42
1/27/2015,0,116,35,0,2.42
1/28/2015,0,116,35,0,2.42
1/29/2015,0,116,35,0,2.42
1/30/2015,0,116,34,0,2.42
1/31/2015,0,116,34,0,2.42
2/1/2015,2,118,35,0.02,2.44
2/2/2015,0,118,35,0,2.44
2/3/2015,1,119,36,,2.44
2/4/2015,1,120,36,0.04,2.48
2/5/2015,9,129,44,0.29,2.77
2/6/2015,0,129,43,0,2.77
2/7/2015,0,129,42,0,2.77
2/8/2015,0,129,41,0,2.77
2/9/2015,0,129,40,0,2.77
2/10/2015,0,129,39,0,2.77
2/11/2015,3,132,41,0.04,2.81
2/12/2015,0,132,40,0,2.81
2/13/2015,0,132,39,0,2.81
2/14/2015,0,132,39,0,2.81
2/15/2015,0,132,39,0,2.81
2/16/2015,2,134,40,0,2.81
2/17/2015,2,136,41,0.05,2.86
2/18/2015,0,136,41,0,2.86
2/19/2015,0,136,40,0,2.86
2/20/2015,0,136,39,0,2.86
2/21/2015,4,140,43,0.1,2.96
2/22/2015,2,142,43,0.02,2.98
2/23/2015,2,144,44,0.05,3.03
2/24/2015,1,145,44,0,3.03
2/25/2015,1,146,43,0.01,3.04
2/26/2015,3,149,45,0.04,3.08
2/27/2015,3,152,46,0,3.08
2/28/2015,1,153,46,0,3.08
3/1/2015,,,,,3.08
3/2/2015,2,155,46,0.04,3.12
3/3/2015,1,156,46,0.02,3.14
3/4/2015,2,158,48,0.06,3.2
3/5/2015,5,163,52,0.13,3.33
3/6/2015,1,164,50,0.01,3.34
3/7/2015,0,164,49,0,3.34
3/8/2015,0,164,48,0,3.34
3/9/2015,0,164,48,0,3.34
3/10/2015,0,164,47,0,3.34
3/11/2015,0,164,47,0,3.34
3/12/2015,0,164,47,0,3.34
3/13/2015,0,164,46,0,3.34
3/14/2015,4,168,48,0.05,3.39
3/15/2015,0,168,48,0,3.39
3/16/2015,0,168,47,0,3.39
3/17/2015,0,168,46,0,3.39
3/18/2015,0,168,46,0,3.39
3/19/2015,0,168,46,0,3.39
3/20/2015,3,171,47,0.07,3.46
3/21/2015,0,171,47,0,3.46
3/22/2015,0,171,46,0,3.46
3/23/2015,0,171,46,0,3.46
3/24/2015,0,171,46,0,3.46
3/25/2015,5,176,51,0.2,3.66
3/26/2015,3,179,51,0.06,3.72
3/27/2015,2,181,52,0.05,3.77
3/28/2015,0,181,51,0,3.77
3/29/2015,0,181,50,0,3.77
3/30/2015,1,182,50,0.02,3.79
3/31/2015,0,182,50,0,3.79
4/1/2015,0,182,49,0,3.79
4/2/2015,0,182,49,0,3.79
4/3/2015,0,182,48,0,3.79
4/4/2015,8,190,56,0.14,3.93
4/5/2015,0,190,53,0,3.93
4/6/2015,0,190,52,0,3.93
4/7/2015,0,190,51,0,3.93
4/8/2015,0,190,49,,3.93
4/9/2015,0,190,49,0,3.93
4/10/2015,0,190,49,0,3.93
4/11/2015,1,191,49,0,3.93
4/12/2015,0,191,48,0,3.93
4/13/2015,0,191,48,0,3.93
4/14/2015,0,191,48,0,3.93
4/15/2015,,191,,,3.93
,,,,,
10/15/2015,0,0,,,0
10/16/2015,0,0,,,0
10/17/2015,0,0,,,0
10/18/2015,0,0,,,0
10/19/2015,0,0,,,0
10/20/2015,0,0,,,0
10/21/2015,0,0,,,0
10/22/2015,0,0,,,0
10/23/2015,0,0,,,0
10/24/2015,0,0,,,0
10/25/2015,0,0,,,0
10/26/2015,0,0,,,0
10/27/2015,0,0,,,0
10/28/2015,0,0,,,0
10/29/2015,0,0,,,0
10/30/2015,0,0,,,0
10/31/2015,0,0,,,0
11/1/2015,0,0,,,0
11/2/2015,0,0,,,0
11/3/2015,0,0,,,0
11/4/2015,1,1,,,0
11/5/2015,0,1,,0,0
11/6/2015,9,10,,0.04,0.04
11/7/2015,0,10,,0.05,0.09
11/8/2015,0,10,,0,0.09
11/9/2015,0,10,,0,0.09
11/10/2015,0,10,,0,0.09
11/11/2015,3,13,,0.29,0.38
11/12/2015,0,13,,0.02,0.4
11/13/2015,1,14,,0,0.4
11/14/2015,1,15,,0,0.4
11/15/2015,0,15,,0,0.4
11/16/2015,0,15,,0,0.4
11/17/2015,0,15,,0.2,0.6
11/18/2015,0,15,,0.089,0.689
11/19/2015,8,23,0,0.21,0.899
11/20/2015,4,27,0,0.01,0.909
11/21/2015,4,31,0,0.29,1.199
11/22/2015,0,31,0,0,1.199
11/23/2015,0,31,0,0,1.199
11/24/2015,0,31,0,0,1.199
11/25/2015,8,39,0,0,1.199
11/26/2015,2,41,0,0,1.199
11/27/2015,0,41,0,0.01,1.209
11/28/2015,0,41,0,0,1.209
11/29/2015,0,41,18,0.01,1.219
11/30/2015,0,41,18,0.05,1.269
12/1/2015,7,48,20,0,1.269
12/2/2015,9,57,23,0,1.269
12/3/2015,9,66,31,0,1.269
12/4/2015,1,67,28,0,1.269
12/5/2015,8,75,32,0,1.269
12/6/2015,0,75,29,0,1.269
12/7/2015,0,75,28,0,1.269
12/8/2015,0,75,26,0,1.269
12/9/2015,0,75,25,0.06,1.329
12/10/2015,0,75,24,0,1.329
12/11/2015,1,76,24,0,1.329
12/12/2015,0,76,23,0,1.329
12/13/2015,2,78,24,0.14,1.469
12/14/2015,3,81,27,0,1.469
12/15/2015,0,81,26,0.21,1.679
12/16/2015,0,81,25,0.09,1.769
12/17/2015,0,81,25,0.04,1.809
12/18/2015,0,81,24,0.03,1.839
12/19/2015,0,81,24,0,1.839
12/20/2015,1,82,24,0,1.839
12/21/2015,0,82,24,0.07,1.909
12/22/2015,0,82,23,0.05,1.959
12/23/2015,1,83,23,0.15,2.109
12/24/2015,0,83,23,0.11,2.219
12/25/2015,0,83,23,0.01,2.229
12/26/2015,0,83,23,0.02,2.249
12/27/2015,12,95,33,0,2.249
12/28/2015,0,95,30,0,2.249
12/29/2015,9,104,38,0,2.249
12/30/2015,3,107,36,0,2.249
12/31/2015,2,109,35,0.01,2.259
1/1/2016,1,110,33,0,2.259
1/2/2016,0,110,33,0,2.259
1/3/2016,0,110,32,0,2.259
1/4/2016,3,113,34,0,2.259
1/5/2016,2,115,35,0,2.259
1/6/2016,7,122,38,0,2.259
1/7/2016,4,126,40,0.02,2.279
1/8/2016,1,127,38,0.02,2.299
1/9/2016,1,128,37,0.04,2.339
1/10/2016,0,128,36,0.03,2.369
1/11/2016,0,128,35,0,2.369
1/12/2016,0,128,35,0,2.369
1/13/2016,0,128,35,0,2.369
1/14/2016,1,129,34,0,2.369
1/15/2016,0,129,34,0.069,2.438
1/16/2016,0,129,33,0.05,2.488
1/17/2016,0,129,33,0.04,2.528
1/18/2016,0,129,,0.06,2.588
1/19/2016,0,129,33,0.03,2.618
1/20/2016,0,129,33,0,2.618
1/21/2016,1,130,33,0.1,2.718
1/22/2016,2,132,34,0,2.718
1/23/2016,2,134,34,0,2.718
1/24/2016,2,136,36,0,2.718
1/25/2016,0,136,36,0.01,2.728
1/26/2016,0,136,36,0.02,2.748
1/27/2016,0,136,34,0,2.748
1/28/2016,0,136,34,0,2.748
1/29/2016,4,140,38,0,2.748
1/30/2016,3,143,38,0.04,2.788
1/31/2016,2,145,39,0.21,2.998
2/1/2016,6,151,42,0.09,3.088
2/2/2016,2,153,42,0.11,3.198
2/3/2016,1,154,41,0.02,3.218
2/4/2016,5,159,45,0,3.218
2/5/2016,1,160,44,0.03,3.248
2/6/2016,0,160,42,0.01,3.258
2/7/2016,0,160,41,0,3.258
2/8/2016,1,161,41,0,3.258
2/9/2016,1,162,41,0,3.258
2/10/2016,0,162,40,0,3.258
2/11/2016,0,162,39,0,3.258
2/12/2016,0,162,38,0,3.258
2/13/2016,2,164,39,0,3.258
2/14/2016,9,173,47,0,3.258
2/15/2016,3,176,46,0.13,3.388
2/16/2016,6,182,49,0.16,3.548
2/17/2016,2,184,49,0,3.548
2/18/2016,1,185,49,0,3.548
2/19/2016,1,186,48,0.13,3.678
2/20/2016,1,187,48,0,3.678
2/21/2016,0,187,47,0,3.678
2/22/2016,0,187,46,0,3.678
2/23/2016,0,187,46,0.03,3.708
2/24/2016,0,187,46,0,3.708
2/25/2016,0,187,45,0,3.708
2/26/2016,0,187,44,0,3.708
2/27/2016,0,187,44,0,3.708
2/28/2016,0,187,43,0,3.708
2/29/2016,4,191,47,0,3.708
3/1/2016,6,197,50,0.02,3.728
3/2/2016,0,197,49,0,3.728
3/3/2016,0,197,49,0.09,3.818
3/4/2016,3,200,51,0,3.818
3/5/2016,0,200,50,0,3.818
3/6/2016,0,200,49,0,3.818
3/7/2016,0,200,48,0,3.818
3/8/2016,3,203,50,0.05,3.868
3/9/2016,0,203,49,0,3.868
3/10/2016,0,203,48,0.02,3.888
3/11/2016,0,203,48,0,3.888
3/12/2016,0,203,47,0,3.888
3/13/2016,0,203,47,0.14,4.028
3/14/2016,0,203,46,0,4.028
3/15/2016,1,204,47,0.34,4.368
3/16/2016,0,204,46,0.19,4.558
3/17/2016,3,207,49,0.12,4.678
3/18/2016,0,207,48,0.16,4.838
3/19/2016,0,207,47,0.03,4.868
3/20/2016,0,207,46,0,4.868
3/21/2016,0,207,46,0,4.868
3/22/2016,4,211,49,0,4.868
3/23/2016,0,211,48,0.04,4.908
3/24/2016,2,213,50,0.03,4.938
3/25/2016,0,213,50,0.01,4.948
3/26/2016,0,213,49,0.14,5.088
3/27/2016,3,216,51,0.01,5.098
3/28/2016,0,216,50,0,5.098
3/29/2016,14,230,62,0,5.098
3/30/2016,7,237,64,0.04,5.138
3/31/2016,7,244,66,0.04,5.178
4/1/2016,9,253,69,0.02,5.198
4/2/2016,2,255,66,0,5.198
4/3/2016,0,255,63,0,5.198
4/4/2016,0,255,62,0,5.198
4/5/2016,0,255,60,0,5.198
4/6/2016,5,260,64,0.18,5.378
4/7/2016,6,266,67,0,5.378
4/8/2016,1,267,65,0,5.378
4/9/2016,8,275,70,0,5.378
4/10/2016,1,276,68,0.08,5.458
4/11/2016,0,276,67,0,5.458
4/12/2016,0,276,64,,5.458
4/13/2016,1,277,64,,5.458
4/14/2016,3,280,66,,5.458
4/15/2016,4,284,67,,5.458
,,,,,
10/15/2016,0,0,n/a,,0
10/16/2016,0,0,n/a,,0
10/17/2016,0,0,n/a,,0
10/18/2016,0,0,n/a,,0
10/19/2016,5,5,n/a,,0
10/20/2016,0,5,n/a,,0
10/21/2016,0,5,n/a,,0
10/22/2016,0,5,n/a,,0
10/23/2016,0,5,n/a,,0
10/24/2016,0,5,n/a,,0
10/25/2016,0,5,n/a,,0
10/26/2016,0,5,n/a,,0
10/27/2016,0,5,n/a,,0
10/28/2016,0,5,n/a,,0
10/29/2016,0,5,n/a,,0
10/30/2016,0,5,n/a,,0
10/31/2016,0,5,n/a,,0
11/1/2016,0,5,n/a,,0
11/2/2016,1,6,n/a,,0
11/3/2016,2,8,n/a,,0
11/4/2016,0,8,n/a,,0
11/5/2016,0,8,n/a,,0
11/6/2016,0,8,n/a,,0
11/7/2016,0,8,n/a,,0
11/8/2016,0,8,n/a,,0
11/9/2016,0,8,n/a,,0
11/10/2016,0,8,n/a,,0
11/11/2016,0,8,n/a,,0
11/12/2016,0,8,n/a,,0
11/13/2016,0,8,n/a,,0
11/14/2016,1,9,n/a,,0
11/15/2016,0,9,n/a,,0
11/16/2016,0,9,n/a,,0
11/17/2016,0,9,n/a,,0
11/18/2016,5,14,6,0.17,0.17
11/19/2016,0,14,5,0,0.17
11/20/2016,0,14,4,0,0.17
11/21/2016,0,14,4,0,0.17
11/22/2016,1,15,4,0.03,0.2
11/23/2016,3,18,7,0.07,0.27
11/24/2016,1,19,7,0.04,0.31
11/25/2016,0,19,6,0,0.31
11/26/2016,0,19,6,0,0.31
11/27/2016,0,19,5,0,0.31
11/28/2016,6,25,11,0.19,0.5
11/29/2016,2,27,11,0.03,0.53
11/30/2016,1,28,10,0.01,0.54
12/1/2016,0,28,10,0,0.54
12/2/2016,0,28,9,0,0.54
12/3/2016,0,28,9,0,0.54
12/4/2016,1,29,10,0.01,0.55
12/5/2016,0,29,10,0,0.55
12/6/2016,6,35,15,0.18,0.73
12/7/2016,5,40,17,0.17,0.9
12/8/2016,1,41,16,0.03,0.93
12/9/2016,9,50,24,0.17,1.1
12/10/2016,2,52,22,0.02,1.12
12/11/2016,12,64,32,0.37,1.49
12/12/2016,4,68,32,0.09,1.58
12/13/2016,0,68,30,0,1.58
12/14/2016,1,69,28,0,1.58
12/15/2016,8,77,33,0.25,1.83
12/16/2016,0,77,30,0,1.83
12/17/2016,17,94,43,0.51,2.34
12/18/2016,1,95,40,0.05,2.39
12/19/2016,0,95,38,0,2.39
12/20/2016,0,95,36,0,2.39
12/21/2016,0,95,34,0,2.39
12/22/2016,0,95,32,0,2.39
12/23/2016,4,99,34,0.08,2.47
12/24/2016,2,101,35,0.03,2.5
12/25/2016,2,103,35,0.02,2.52
12/26/2016,4,107,37,0.02,2.54
12/27/2016,1,108,37,0,2.54
12/28/2016,1,109,34,0.03,2.57
12/29/2016,0,109,33,0.02,2.59
12/30/2016,0,109,32,0,2.59
12/31/2016,0,109,31,0,2.59
1/1/2017,0,109,31,0,2.59
1/2/2017,0,109,30,0,2.59
1/3/2017,0,109,30,0,2.59
1/4/2017,3,112,33,0.07,2.66
1/5/2017,11,123,42,0.32,2.98
1/6/2017,6,129,44,0.19,3.17
1/7/2017,0,129,43,0,3.17
1/8/2017,3,132,44,0.08,3.25
1/9/2017,9,141,50,0.23,3.48
1/10/2017,16,157,61,0.52,4
1/11/2017,4,161,59,0.08,4.08
1/12/2017,6,167,61,0.17,4.25
1/13/2017,0,167,58,0,4.25
1/14/2017,0,167,57,0,4.25
1/15/2017,2,169,55,0.01,4.26
1/16/2017,2,171,54,0.04,4.3
1/17/2017,1,172,53,0.02,4.32
1/18/2017,0,172,52,0,4.32
1/19/2017,0,172,51,0,4.32
1/20/2017,2,174,51,0.05,4.37
1/21/2017,3,177,53,0.01,4.38
1/22/2017,2,179,52,0.01,4.39
1/23/2017,3,182,53,0.04,4.43
1/24/2017,6,188,56,0.12,4.55
1/25/2017,2,190,56,0.02,4.57
1/26/2017,1,191,54,0.03,4.6
1/27/2017,0,191,53,0,4.6
1/28/2017,0,191,53,0,4.6
1/29/2017,0,191,52,0,4.6
1/30/2017,0,191,51,0,4.6
1/31/2017,0,191,50,0,4.6
2/1/2017,0,191,50,0,4.6
2/2/2017,0,191,49,0,4.6
2/3/2017,2,193,49,0.06,4.66
2/4/2017,1,194,49,0.01,4.67
2/5/2017,1,195,49,0.01,4.68
2/6/2017,0,195,49,0,4.68
2/7/2017,1,196,49,0.01,4.69
2/8/2017,6,202,54,0.21,4.9
2/9/2017,3,205,55,0.12,5.02
2/10/2017,0,205,53,0,5.02
2/11/2017,0,205,52,0,5.02
2/12/2017,2,207,52,0.04,5.06
2/13/2017,0,207,52,0,5.06
2/14/2017,0,207,51,0,5.06
2/15/2017,0,207,50,0,5.06
2/16/2017,0,207,50,0,5.06
2/17/2017,0,207,50,0,5.06
2/18/2017,0,207,49,0,5.06
2/19/2017,0,207,49,0,5.06
2/20/2017,3,210,51,0.09,5.15
2/21/2017,0,210,51,0,5.15
2/22/2017,0,210,50,0,5.15
2/23/2017,0,210,50,0,5.15
2/24/2017,3,213,52,0.07,5.22
2/25/2017,3,216,53,0.07,5.29
2/26/2017,1,217,52,0.03,5.32
2/27/2017,0,217,51,0,5.32
2/28/2017,2,219,53,0.05,5.37
3/1/2017,,,,,5.37
3/2/2017,2,221,54,0.07,5.44
3/3/2017,0,221,53,0.01,5.45
3/4/2017,0,221,53,0,5.45
3/5/2017,0,221,53,0,5.45
3/6/2017,0,221,52,0,5.45
3/7/2017,0,221,52,0,5.45
3/8/2017,3,224,53,0.12,5.57
3/9/2017,1,225,53,0.01,5.58
3/10/2017,0,225,52,0,5.58
3/11/2017,0,225,51,0,5.58
3/12/2017,0,225,51,0,5.58
3/13/2017,1,226,52,0.02,5.6
3/14/2017,1,227,52,0.02,5.62
3/15/2017,0,227,51,0,5.62
3/16/2017,0,227,51,0,5.62
3/17/2017,0,227,50,0,5.62
3/18/2017,0,227,50,0,5.62
3/19/2017,0,227,50,0,5.62
3/20/2017,0,227,49,0,5.62
3/21/2017,0,227,49,0,5.62
3/22/2017,0,227,49,0,5.62
3/23/2017,0,227,48,0,5.62
3/24/2017,0,227,48,0,5.62
3/25/2017,3,230,50,0.08,5.7
3/26/2017,1,231,50,0.02,5.72
3/27/2017,5,236,53,0.09,5.81
3/28/2017,0,236,53,0,5.81
3/29/2017,2,238,54,0.05,5.86
3/30/2017,8,246,60,0.11,5.97
3/31/2017,1,247,60,0,5.97
4/1/2017,2,249,58,0.02,5.99
4/2/2017,2,251,58,0.01,6
4/3/2017,3,254,60,0.06,6.06
4/4/2017,3,257,62,0.07,6.13
4/5/2017,1,258,62,0.03,6.16
4/6/2017,8,266,67,0.14,6.3
4/7/2017,0,266,65,0,6.3
4/8/2017,0,266,62,0,6.3
4/9/2017,0,266,60,0,6.3
4/10/2017,0,266,59,0,6.3
4/11/2017,2,268,61,0.04,6.34
4/12/2017,0,268,60,0,6.34
4/13/2017,0,268,59,0,6.34
4/14/2017,0,268,58,0,6.34
4/15/2017,0,268,57,0,6.34
,,,,,
10/15/2017,0,0,n/a,,0
10/16/2017,0,0,n/a,,0
10/17/2017,0,0,n/a,,0
10/18/2017,0,0,n/a,,0
10/19/2017,0,0,n/a,,0
10/20/2017,3,3,n/a,,0
10/21/2017,0,3,n/a,,0
10/22/2017,0,3,n/a,,0
10/23/2017,0,3,n/a,,0
10/24/2017,0,3,n/a,,0
10/25/2017,0,3,n/a,,0
10/26/2017,0,3,n/a,,0
10/27/2017,1,4,n/a,,0
10/28/2017,0,4,n/a,,0
10/29/2017,0,4,n/a,,0
10/30/2017,0,4,n/a,,0
10/31/2017,2,6,n/a,,0
11/1/2017,0,6,n/a,,0
11/2/2017,0,6,n/a,,0
11/3/2017,0,6,n/a,,0
11/4/2017,0,6,n/a,,0
11/5/2017,2,8,n/a,,0
11/6/2017,1,9,n/a,,0
11/7/2017,1,10,n/a,,0
11/8/2017,3,13,n/a,,0
11/9/2017,0,13,n/a,,0
11/10/2017,0,13,13,0,0
11/11/2017,0,13,12,0,0
11/12/2017,0,13,12,0,0
11/13/2017,0,13,11,0,0
11/14/2017,0,13,11,0,0
11/15/2017,0,13,11,0,0
11/16/2017,0,13,11,0,0
11/17/2017,0,13,10,0,0
11/18/2017,8,21,18,0.32,0.32
11/19/2017,0,21,18,0,0.32
11/20/2017,0,21,18,0,0.32
11/21/2017,3,24,20,0.09,0.41
11/22/2017,1,25,19,0.01,0.42
11/23/2017,1,26,19,0.02,0.44
11/24/2017,0,26,18,0,0.44
11/25/2017,0,26,18,0,0.44
11/26/2017,0,26,18,0,0.44
11/27/2017,0,26,17,0,0.44
11/28/2017,0,26,17,0,0.44
11/29/2017,0,26,17,0,0.44
11/30/2017,0,26,17,0,0.44
12/1/2017,0,26,17,0,0.44
12/2/2017,0,26,17,0,0.44
12/3/2017,0,26,16,0,0.44
12/4/2017,3,29,20,0.09,0.53
12/5/2017,2,31,20,0.03,0.56
12/6/2017,0,31,20,0,0.56
12/7/2017,1,32,20,0,0.56
12/8/2017,4,36,22,0.06,0.62
12/9/2017,0,36,22,0,0.62
12/10/2017,0,36,21,0,0.62
12/11/2017,0,36,21,0,0.62
12/12/2017,0,36,21,0,0.62
12/13/2017,0,36,21,0,0.62
12/14/2017,4,40,24,0.08,0.7
12/15/2017,1,41,24,0.01,0.71
12/16/2017,0,41,24,0,0.71
12/17/2017,0,41,22,0,0.71
12/18/2017,0,41,22,0,0.71
12/19/2017,0,41,22,0,0.71
12/20/2017,0,41,22,0,0.71
12/21/2017,0,41,21,0,0.71
12/22/2017,4,45,24,0.1,0.81
12/23/2017,3,48,25,0.05,0.86
12/24/2017,6,54,30,0.17,1.03
12/25/2017,6,60,33,0.1,1.13
12/26/2017,10,70,39,0.27,1.4
12/27/2017,0,70,38,0,1.4
12/28/2017,0,70,35,0,1.4
12/29/2017,0,70,35,0,1.4
12/30/2017,0,70,33,0,1.4
12/31/2017,0,70,32,0,1.4
1/1/2018,0,70,31,0,1.4
1/2/2018,0,70,31,0,1.4
1/3/2018,0,70,30,0,1.4
1/4/2018,0,70,30,0,1.4
1/5/2018,0,70,29,0,1.4
1/6/2018,0,70,29,0,1.4
1/7/2018,4,74,32,0.09,1.49
1/8/2018,0,74,31,0,1.49
1/9/2018,0,74,30,0,1.49
1/10/2018,0,74,30,0,1.49
1/11/2018,4,78,33,0.1,1.59
1/12/2018,1,79,33,0.01,1.6
1/13/2018,3,82,35,0.05,1.65
1/14/2018,1,83,34,0,1.65
1/15/2018,0,83,34,0,1.65
1/16/2018,0,83,33,0,1.65
1/17/2018,0,83,33,0,1.65
1/18/2018,0,83,33,0,1.65
1/19/2018,0,83,33,0,1.65
1/20/2018,0,83,32,0,1.65
1/21/2018,7,90,38,0.16,1.81
1/22/2018,5,95,40,0.17,1.98
1/23/2018,1,96,40,0,1.98
1/24/2018,0,96,39,0,1.98
1/25/2018,0,96,38,0,1.98
1/26/2018,2,98,39,0.03,2.01
1/27/2018,3,101,41,0.04,2.05
1/28/2018,0,101,40,0,2.05
1/29/2018,0,101,38,0,2.05
1/30/2018,0,101,38,0,2.05
1/31/2018,0,101,37,0,2.05
2/1/2018,0,101,37,0,2.05
2/2/2018,2,103,38,0.07,2.12
2/3/2018,1,104,38,0.03,2.15
2/4/2018,2,106,40,0.07,2.22
2/5/2018,1,107,40,0.05,2.27
2/6/2018,15,122,54,0.46,2.73
2/7/2018,3,125,51,0.03,2.76
2/8/2018,0,125,50,0,2.76
2/9/2018,0,125,48,0,2.76
2/10/2018,1,126,47,0.03,2.79
2/11/2018,7,133,51,0.18,2.97
2/12/2018,0,133,50,0,2.97
2/13/2018,0,133,49,0,2.97
2/14/2018,0,133,47,0,2.97
2/15/2018,2,135,48,0.04,3.01
2/16/2018,4,139,50,0.04,3.05
2/17/2018,0,139,49,0,3.05
2/18/2018,0,139,48,0,3.05
2/19/2018,0,139,47,0,3.05
2/20/2018,4,143,51,0.12,3.17
2/21/2018,1,144,49,0.01,3.18
2/22/2018,0,144,49,0,3.18
2/23/2018,2,146,49,0.03,3.21
2/24/2018,3,149,51,0.04,3.25
2/25/2018,1,150,50,0.02,3.27
2/26/2018,1,151,50,0.03,3.3
2/27/2018,0,151,49,0,3.3
2/28/2018,0,151,48,0,3.3
3/1/2018,,,,,3.3
3/2/2018,0,151,48,0,3.3
3/3/2018,0,151,47,0,3.3
3/4/2018,0,151,47,0,3.3
3/5/2018,0,151,46,0,3.3
3/6/2018,2,153,47,0.03,3.33
3/7/2018,3,156,49,0,3.33
3/8/2018,0,156,48,0,3.33
3/9/2018,0,156,48,0,3.33
3/10/2018,0,156,47,0,3.33
3/11/2018,2,158,48,0.04,3.37
3/12/2018,2,160,49,0.05,3.42
3/13/2018,0,160,48,0,3.42
3/14/2018,0,160,47,0,3.42
3/15/2018,0,160,47,0,3.42
3/16/2018,0,160,47,0,3.42
3/17/2018,4,164,50,0.11,3.53
3/18/2018,1,165,50,0.03,3.56
3/19/2018,0,165,49,0,3.56
3/20/2018,4,169,52,0.09,3.65
3/21/2018,3,172,53,0.02,3.67
3/22/2018,3,175,54,0.08,3.75
3/23/2018,0,175,52,0,3.75
3/24/2018,0,175,50,0,3.75
3/25/2018,6,181,55,0.22,3.97
3/26/2018,0,181,54,0,3.97
3/27/2018,0,181,53,0,3.97
3/28/2018,3,184,54,0.02,3.99
3/29/2018,0,184,53,0,3.99
3/30/2018,5,189,57,0.04,4.03
3/31/2018,2,191,57,0.03,4.06
4/1/2018,0,191,55,0,4.06
4/2/2018,0,191,54,0,4.06
4/3/2018,0,191,55,0,4.06
4/4/2018,2,193,56,0.05,4.11
4/5/2018,0,193,54,0,4.11
4/6/2018,0,193,54,0,4.11
4/7/2018,1,194,54,0.01,4.12
4/8/2018,15,209,68,0.8,4.92
4/9/2018,9,218,74,0.9,5.82
4/10/2018,6,224,73,0.4,6.22
4/11/2018,2,226,n/a,0.05,6.27
4/12/2018,0,226,n/a,0,6.27
4/13/2018,0,226,n/a,0,6.27
4/14/2018,2,228,n/a,0.05,6.32
4/15/2018,2,230,69,0.05,6.37
,,,,,
10/15/2018,9,9,n/a,,0
10/16/2018,0,9,n/a,,0
10/17/2018,0,9,n/a,,0
10/18/2018,0,9,n/a,,0
10/19/2018,2,11,n/a,,0
10/20/2018,0,11,n/a,,0
10/21/2018,0,11,n/a,,0
10/22/2018,0,11,n/a,,0
10/23/2018,0,11,n/a,,0
10/24/2018,0,11,n/a,,0
10/25/2018,0,11,n/a,,0
10/26/2018,0,11,n/a,,0
10/27/2018,0,11,n/a,,0
10/28/2018,0,11,n/a,,0
10/29/2018,0,11,n/a,,0
10/30/2018,0,11,n/a,,0
10/31/2018,4,15,n/a,,0
11/1/2018,2,17,n/a,,0
11/2/2018,1,18,n/a,,0
11/3/2018,3,21,n/a,,0
11/4/2018,4,25,n/a,,0
11/5/2018,6,31,n/a,,0
11/6/2018,6,37,n/a,,0
11/7/2018,1,38,n/a,,0
11/8/2018,0,38,22,,0
11/9/2018,0,38,21,,0
11/10/2018,0,38,20,,0
11/11/2018,0,38,20,,0
11/12/2018,1,39,20,,0
11/13/2018,0,39,20,,0
11/14/2018,0,39,19,,0
11/15/2018,0,39,19,,0
11/16/2018,0,39,19,,0
11/17/2018,0,39,18,,0
11/18/2018,4,43,21,0.14,0.14
11/19/2018,0,43,20,0,0.14
11/20/2018,0,43,20,0,0.14
11/21/2018,0,43,20,0,0.14
11/22/2018,0,43,19,0,0.14
11/23/2018,4,47,23,0.3,0.44
11/24/2018,5,52,26,0.47,0.91
11/25/2018,7,59,31,0.62,1.53
11/26/2018,0,59,30,0.06,1.59
11/27/2018,0,59,28,0,1.59
11/28/2018,0,59,27,0,1.59
11/29/2018,2,61,27,0.16,1.75
11/30/2018,3,64,29,0.17,1.92
12/1/2018,2,66,30,0.1,2.02
12/2/2018,0,66,30,0.05,2.07
12/3/2018,0,66,29,0.01,2.08
12/4/2018,1,67,29,0.07,2.15
12/5/2018,0,67,29,0.03,2.18
12/6/2018,2,69,29,0.23,2.41
12/7/2018,3,72,31,0.16,2.57
12/8/2018,1,73,30,0.04,2.61
12/9/2018,1,74,31,0.01,2.62
12/10/2018,0,74,31,0.02,2.64
12/11/2018,0,74,29,0,2.64
12/12/2018,0,74,29,0,2.64
12/13/2018,2,76,31,0.12,2.76
12/14/2018,0,76,30,0,2.76
12/15/2018,0,76,29,0,2.76
12/16/2018,0,76,29,0,2.76
12/17/2018,0,76,28,0,2.76
12/18/2018,0,76,28,0,2.76
12/19/2018,1,77,28,0.02,2.78
12/20/2018,1,78,29,0.07,2.85
12/21/2018,0,78,28,0.04,2.89
12/22/2018,1,79,29,0.06,2.95
12/23/2018,4,83,33,0.22,3.17
12/24/2018,0,83,32,0.03,3.2
12/25/2018,2,85,33,0.15,3.35
12/26/2018,0,85,32,0.03,3.38
12/27/2018,2,87,32,0,3.38
12/28/2018,0,87,32,0.01,3.39
12/29/2018,0,87,31,0.01,3.4
12/30/2018,0,87,31,0.02,3.42
12/31/2018,0,87,31,0.03,3.45
1/1/2019,0,87,31,0.01,3.46
1/2/2019,0,87,31,0,3.46
1/3/2019,0,87,30,0,3.46
1/4/2019,0,87,30,0,3.46
1/5/2019,0,87,29,0,3.46
1/6/2019,0,87,29,0,3.46
1/7/2019,2,89,31,0.09,3.55
1/8/2019,2,91,33,0.17,3.72
1/9/2019,0,91,32,0,3.72
1/10/2019,0,91,31,0,3.72
1/11/2019,4,95,34,0.34,4.06
1/12/2019,4,99,37,0.26,4.32
1/13/2019,0,99,37,0.04,4.36
1/14/2019,0,99,36,0.02,4.38
1/15/2019,0,99,36,0.02,4.4
1/16/2019,0,99,36,0.01,4.41
1/17/2019,5,104,40,0.38,4.79
1/18/2019,4,108,42,0.22,5.01
1/19/2019,3,111,43,0.18,5.19
1/20/2019,1,112,43,0.03,5.22
1/21/2019,0,112,41,0.04,5.26
1/22/2019,5,117,45,0.21,5.47
1/23/2019,1,118,43,0.07,5.54
1/24/2019,5,123,46,0.42,5.96
1/25/2019,5,128,48,0.36,6.32
1/26/2019,2,130,47,0.11,6.43
1/27/2019,1,131,47,0.04,6.47
1/28/2019,2,133,47,0.13,6.6
1/29/2019,2,135,47,0.2,6.8
1/30/2019,0,135,45,0.04,6.84
1/31/2019,0,135,43,0.03,6.87
2/1/2019,0,135,43,0.03,6.9
2/2/2019,0,135,42,0.03,6.93
2/3/2019,0,135,42,0.02,6.95
2/4/2019,0,135,42,0,6.95
2/5/2019,0,135,42,0.02,6.97
2/6/2019,0,135,41,0,6.97
2/7/2019,6,141,47,0.32,7.29
2/8/2019,1,142,46,0.1,7.39
2/9/2019,0,142,44,0,7.39
2/10/2019,0,142,44,0,7.39
2/11/2019,0,142,43,0,7.39
2/12/2019,0,142,43,0,7.39
2/13/2019,0,142,43,0,7.39
2/14/2019,6,148,48,0.47,7.86
2/15/2019,2,150,50,0.29,8.15
2/16/2019,1,151,49,0.17,8.32
2/17/2019,2,153,51,0.17,8.49
2/18/2019,0,153,51,0.06,8.55
2/19/2019,0,153,51,0.03,8.58
2/20/2019,2,155,50,0.08,8.66
2/21/2019,0,155,48,0.08,8.74
2/22/2019,0,155,48,0.05,8.79
2/23/2019,5,160,53,0.35,9.14
2/24/2019,1,161,53,0.05,9.19
2/25/2019,0,161,52,0.07,9.26
2/26/2019,0,161,51,0.03,9.29
2/27/2019,0,161,50,0,9.29
2/28/2019,1,162,50,0.07,9.36
3/1/2019,,,,,9.36
3/2/2019,5,167,53,0.36,9.72
3/3/2019,6,173,56,0.45,10.17
3/4/2019,12,185,66,0.91,11.08
3/5/2019,12,197,72,0.69,11.77
3/6/2019,2,199,70,0.11,11.88
3/7/2019,1,200,67,0.07,11.95
3/8/2019,17,217,79,1.32,13.27
3/9/2019,9,226,79,0.61,13.88
3/10/2019,6,232,81,0.51,14.39
3/11/2019,0,232,79,0,14.39
3/12/2019,0,232,77,0.02,14.41
3/13/2019,2,234,77,0.14,14.55
3/14/2019,3,237,76,0.29,14.84
3/15/2019,9,246,82,0.66,15.5
3/16/2019,1,247,79,0.09,15.59
3/17/2019,0,247,78,0,15.59
3/18/2019,0,247,75,0,15.59
3/19/2019,0,247,74,0,15.59
3/20/2019,1,248,75,0.04,15.63
3/21/2019,0,248,74,0,15.63
3/22/2019,0,248,72,0,15.63
3/23/2019,1,249,72,0.03,15.66
3/24/2019,1,250,72,0.07,15.73
3/25/2019,0,250,72,0.04,15.77
3/26/2019,3,253,74,0.17,15.94
3/27/2019,0,253,72,0,15.94
3/28/2019,0,253,71,0.05,15.99
3/29/2019,0,253,70,0,15.99
3/30/2019,0,253,69,0,15.99
3/31/2019,3,256,71,0.1,16.09
4/1/2019,0,256,71,0,16.09
4/2/2019,0,256,69,0.01,16.1
4/3/2019,1,257,70,0.05,16.15
4/4/2019,2,259,71,0.17,16.32
4/5/2019,1,260,71,0.06,16.38
4/6/2019,0,260,70,0,16.38
4/7/2019,0,260,68,0,16.38
4/8/2019,1,261,69,0.04,16.42
4/9/2019,0,261,n/a,0,16.42
4/10/2019,0,261,n/a,,16.42
4/11/2019,0,261,n/a,,16.42
4/12/2019,6,267,n/a,,16.42
4/13/2019,3,270,n/a,,16.42
4/14/2019,2,272,n/a,,16.42
4/15/2019,1,273,n/a,,16.42
,,,,,
10/15/2019,0,8,4,0,0
10/16/2019,0,8,3,0,0
10/17/2019,0,8,3,0,0
10/18/2019,0,8,2,0,0
10/19/2019,2,10,4,0.08,0.08
10/20/2019,4,14,7,0.32,0.4
10/21/2019,6,20,12,0.46,0.86
10/22/2019,6,26,14,0.48,1.34
10/23/2019,1,27,12,0.11,1.45
10/24/2019,7,34,17,0.56,2.01
10/25/2019,0,34,14,0,2.01
10/26/2019,0,34,13,0,2.01
10/27/2019,0,34,12,0,2.01
10/28/2019,6,40,17,0.31,2.32
10/29/2019,2,42,16,0.13,2.45
10/30/2019,2,44,16,0.19,2.64
10/31/2019,0,44,15,0,2.64
11/1/2019,0,44,14,0,2.64
11/2/2019,0,44,14,0,2.64
11/3/2019,0,44,14,0,2.64
11/4/2019,0,44,13,0,2.64
11/5/2019,0,44,13,0,2.64
11/6/2019,0,44,13,0,2.64
11/7/2019,0,44,13,0,2.64
11/8/2019,0,44,12,0,2.64
11/9/2019,0,44,12,0,2.64
11/10/2019,0,44,12,0,2.64
11/11/2019,0,44,12,0,2.64
11/12/2019,0,44,12,0,2.64
11/13/2019,0,44,12,0,2.64
11/14/2019,0,44,12,0,2.64
11/15/2019,0,44,12,0,2.64
11/16/2019,0,44,12,0,2.64
11/17/2019,1,45,13,0.05,2.69
11/18/2019,0,45,13,0,2.69
11/19/2019,0,45,13,0,2.69
11/20/2019,0,45,13,0,2.69
11/21/2019,4,49,15,0.26,2.95
11/22/2019,4,53,18,0.32,3.27
11/23/2019,2,55,19,0.09,3.36
11/24/2019,0,55,19,0,3.36
11/25/2019,0,55,18,0,3.36
11/26/2019,2,57,19,0.09,3.45
11/27/2019,1,58,18,0.06,3.51
11/28/2019,0,58,18,0,3.51
11/29/2019,0,58,17,0,3.51
11/30/2019,4,62,21,0.43,3.94
12/1/2019,2,64,22,0.24,4.18
12/2/2019,0,64,22,0,4.18
12/3/2019,0,64,20,0,4.18
12/4/2019,2,66,21,0.13,4.31
12/5/2019,0,66,21,0,4.31
12/6/2019,4,70,23,0.24,4.55
12/7/2019,0,70,22,0,4.55
12/8/2019,1,71,22,0.03,4.58
12/9/2019,5,76,27,0.38,4.96
12/10/2019,5,81,31,0.26,5.22
12/11/2019,0,81,30,0,5.22
12/12/2019,0,81,27,0,5.22
12/13/2019,6,87,30,0.57,5.79
12/14/2019,6,93,33,0.39,6.18
12/15/2019,11,104,41,0.79,6.97
12/16/2019,0,104,38,0,6.97
12/17/2019,0,104,38,0,6.97
12/18/2019,0,104,36,0,6.97
12/19/2019,0,104,35,0,6.97
12/20/2019,0,104,34,0,6.97
12/21/2019,0,104,32,0,6.97
12/22/2019,0,104,31,0,6.97
12/23/2019,0,104,30,0,6.97
12/24/2019,0,104,30,0,6.97
12/25/2019,0,104,30,0.01,6.98
12/26/2019,2,106,32,0.14,7.12
12/27/2019,0,106,31,0,7.12
12/28/2019,2,108,32,0.06,7.18
12/29/2019,2,110,33,0.09,7.27
12/30/2019,0,110,32,0,7.27
12/31/2019,0,110,32,0,7.27
1/1/2020,0,110,32,0,7.27
1/2/2020,7,117,38,0.41,7.68
1/3/2020,1,118,37,0.06,7.74
1/4/2020,0,118,35,0,7.74
1/5/2020,0,118,35,0,7.74
1/6/2020,3,121,36,0.22,7.96
1/7/2020,0,121,36,0,7.96
1/8/2020,0,121,35,0,7.96
1/9/2020,1,122,35,0.02,7.98
1/10/2020,2,124,37,0.04,8.02
1/11/2020,0,124,36,0.04,8.06
1/12/2020,4,128,38,0.22,8.28
1/13/2020,1,129,36,0.11,8.39
1/14/2020,2,131,38,0.24,8.63
1/15/2020,0,131,37,0.05,8.68
1/16/2020,0,131,36,0,8.68
1/17/2020,0,131,36,0,8.68
1/18/2020,4,135,38,0.31,8.99
1/19/2020,0,135,38,0,8.99
1/20/2020,0,135,37,0,8.99
1/21/2020,0,135,37,0,8.99
1/22/2020,2,137,37,,8.99
1/23/2020,6,143,43,,8.99
1/24/2020,3,146,41,,8.99
1/25/2020,1,147,42,,8.99
1/26/2020,2,149,42,,8.99
1/27/2020,0,149,40,,8.99
1/28/2020,2,151,41,,8.99
1/29/2020,0,151,41,0,8.99
1/30/2020,1,152,40,,8.99
1/31/2020,2,154,41,,8.99
2/1/2020,0,154,39,,8.99
2/2/2020,0,154,39,0,8.99
2/3/2020,0,154,38,0,8.99
2/4/2020,3,157,41,0.03,9.02
2/5/2020,1,158,41,,9.02
2/6/2020,1,159,41,,9.02
2/7/2020,11,170,52,,9.02
2/8/2020,4,174,55,0,9.02
2/9/2020,6,180,57,0.34,9.36
2/10/2020,6,186,58,0.3,9.66
2/11/2020,4,190,61,0.17,9.83
2/12/2020,0,190,56,0.07,9.9
2/13/2020,2,192,57,0.17,10.07
2/14/2020,2,194,57,0.15,10.22
2/15/2020,0,194,55,0,10.22
2/16/2020,2,196,56,,10.22
2/17/2020,5,201,57,0.53,10.75
2/18/2020,3,204,60,0.21,10.96
2/19/2020,0,204,57,0.01,10.97
2/20/2020,2,206,58,0.1,11.07
2/21/2020,0,206,56,0,11.07
2/22/2020,0,206,55,0,11.07
2/23/2020,1,207,56,0,11.07
2/24/2020,6,213,60,0.4,11.47
2/25/2020,4,217,63,0.3,11.77
2/26/2020,0,217,59,0,11.77
2/27/2020,1,218,59,0.05,11.82
2/28/2020,0,218,57,0,11.82
2/29/2020,0,218,56,0,11.82
3/1/2020,0,218,56,0,11.82
3/2/2020,3,221,57,0.16,11.98
3/3/2020,4,225,59,0.13,12.11
3/4/2020,0,225,57,0,12.11
3/5/2020,0,225,56,0,12.11
3/6/2020,0,225,55,0,12.11
3/7/2020,0,225,55,0,12.11
3/8/2020,0,225,54,,12.11
3/9/2020,2,227,56,,12.11
3/10/2020,1,228,55,0.09,12.2
3/11/2020,1,229,54,0.07,12.27
3/12/2020,0,229,54,0,12.27
3/13/2020,0,229,54,0,12.27
3/14/2020,3,232,57,0.21,12.48
3/15/2020,0,232,56,,12.48
3/16/2020,0,232,55,,12.48
3/17/2020,0,232,55,,12.48
3/18/2020,0,232,54,,12.48
3/19/2020,0,232,54,,12.48
3/20/2020,8,240,60,,12.48
3/21/2020,4,244,59,,12.48
3/22/2020,3,247,59,,12.48
3/23/2020,2,249,59,,12.48
3/24/2020,5,254,61,,12.48
3/25/2020,0,254,59,,12.48
3/26/2020,0,254,58,,12.48
3/27/2020,0,254,57,,12.48
3/28/2020,4,258,61,,12.48
3/29/2020,0,258,60,,12.48
3/30/2020,0,258,60,,12.48
3/31/2020,2,260,59,,12.48
4/1/2020,0,260,57,,12.48
4/2/2020,0,260,56,,12.48
4/3/2020,3,263,60,,12.48
4/4/2020,1,264,56,,12.48
4/5/2020,0,264,56,,12.48
4/6/2020,0,264,54,,12.48
4/7/2020,0,264,54,,12.48
4/8/2020,0,264,52,,12.48
4/9/2020,0,264,51,,12.48
4/10/2020,3,267,51,,12.48
4/11/2020,0,267,50,,12.48
4/12/2020,3,270,53,,12.48
4/13/2020,2,272,60,,12.48
4/14/2020,1,273,59,,12.48
4/15/2020,3,276,58,,12.48
,,,,,
10/15/2020,0,0,0,,0
10/16/2020,0,0,0,,0
10/17/2020,0,0,0,,0
10/18/2020,0,0,0,,0
10/19/2020,0,0,0,,0
10/20/2020,0,0,0,,0
10/21/2020,0,0,0,,0
10/22/2020,0,0,0,,0
10/23/2020,0,0,0,,0
10/24/2020,0,0,0,,0
10/25/2020,0,0,0,,0
10/26/2020,9,9,0,0.5,0.5
10/27/2020,1,10,0,0.14,0.64
10/28/2020,0,10,0,,0.64
10/29/2020,0,10,0,,0.64
10/30/2020,0,10,0,,0.64
10/31/2020,0,10,0,,0.64
11/1/2020,0,10,0,,0.64
11/2/2020,0,10,0,,0.64
11/3/2020,0,10,0,,0.64
11/4/2020,0,10,0,,0.64
11/5/2020,0,10,0,,0.64
11/6/2020,0,10,3,0,0.64
11/7/2020,0,10,3,0,0.64
11/8/2020,4,14,7,0.35,0.99
11/9/2020,1,15,7,0.04,1.03
11/10/2020,7,22,13,0.469,1.499
11/11/2020,1,23,14,0.09,1.589
11/12/2020,3,26,13,0.06,1.649
11/13/2020,1,27,12,0.09,1.739
11/14/2020,2,29,12,0.09,1.829
11/15/2020,4,33,15,0.49,2.319
11/16/2020,0,33,13,0,2.319
11/17/2020,0,33,12,0,2.319
11/18/2020,0,33,12,0,2.319
11/19/2020,0,33,11,0,2.319
11/20/2020,0,33,11,0,2.319
11/21/2020,0,33,11,0,2.319
11/22/2020,0,33,11,0,2.319
11/23/2020,1,34,11,0.05,2.369
11/24/2020,10,44,20,0.679,3.048
11/25/2020,5,49,25,0.39,3.438
11/26/2020,0,49,23,0,3.438
11/27/2020,1,50,23,0.01,3.448
11/28/2020,0,50,22,0,3.448
11/29/2020,0,50,21,0,3.448
11/30/2020,0,50,20,0,3.448
12/1/2020,0,50,18,0.01,3.458
12/2/2020,3,53,21,0.05,3.508
12/3/2020,0,53,20,0.03,3.538
12/4/2020,0,53,20,0,3.538
12/5/2020,0,53,19,0,3.538
12/6/2020,0,53,19,0,3.538
12/7/2020,0,53,18,0,3.538
12/8/2020,0,53,18,0,3.538
12/9/2020,0,53,18,0,3.538
12/10/2020,0,53,18,0,3.538
12/11/2020,2,55,19,0.07,3.608
12/12/2020,4,59,22,0.23,3.838
12/13/2020,3,62,23,0.12,3.958
12/14/2020,0,62,22,0,3.958
12/15/2020,5,67,25,0.18,4.138
12/16/2020,2,69,26,0.08,4.218
12/17/2020,2,71,25,0.11,4.328
12/18/2020,0,71,25,0.05,4.378
12/19/2020,3,74,27,0.06,4.438
12/20/2020,1,75,26,,4.438
12/21/2020,0,75,25,0,4.438
12/22/2020,0,75,24,0,4.438
12/23/2020,2,77,26,0.15,4.588
12/24/2020,0,77,25,0.069,4.657
12/25/2020,0,77,24,0,4.657
12/26/2020,0,77,24,0,4.657
12/27/2020,3,80,26,0.14,4.797
12/28/2020,0,80,24,0,4.797
12/29/2020,3,83,27,0.31,5.107
12/30/2020,1,84,28,0.06,5.167
12/31/2020,0,84,27,0.02,5.187
1/1/2021,0,84,26,0,5.187
1/2/2021,0,84,25,0,5.187
1/3/2021,0,84,25,0,5.187
1/4/2021,7,91,32,0.3,5.487
1/5/2021,0,91,31,0.03,5.517
1/6/2021,3,94,33,0.18,5.697
1/7/2021,0,94,32,0.04,5.737
1/8/2021,0,94,30,0,5.737
1/9/2021,0,94,29,0,5.737
1/10/2021,0,94,29,0,5.737
1/11/2021,0,94,28,0,5.737
1/12/2021,0,94,27,0.03,5.767
1/13/2021,0,94,27,0,5.767
1/14/2021,2,96,28,0.19,5.957
1/15/2021,0,96,28,0,5.957
1/16/2021,0,96,27,0.02,5.977
1/17/2021,0,96,27,0.06,6.037
1/18/2021,2,98,29,0.01,6.047
1/19/2021,4,102,33,0.25,6.297
1/20/2021,0,102,33,0,6.297
1/21/2021,1,103,32,0.02,6.317
1/22/2021,1,104,31,0.07,6.387
1/23/2021,0,104,30,0,6.387
1/24/2021,0,104,30,0.04,6.427
1/25/2021,1,105,30,0.08,6.507
1/26/2021,1,106,31,0.02,6.527
1/27/2021,2,108,33,0.09,6.617
1/28/2021,0,108,31,0.05,6.667
1/29/2021,0,108,31,0.04,6.707
1/30/2021,0,108,30,0,6.707
1/31/2021,2,110,31,0.01,6.717
2/1/2021,0,110,31,0,6.717
2/2/2021,0,110,31,0,6.717
2/3/2021,0,110,31,0,6.717
2/4/2021,11,121,40,0.81,7.527
2/5/2021,2,123,40,0.14,7.667
2/6/2021,3,126,41,0.25,7.917
2/7/2021,2,128,41,0.29,8.207
2/8/2021,0,128,39,0,8.207
2/9/2021,0,128,38,0,8.207
2/10/2021,1,129,39,0,8.207
2/11/2021,1,130,38,0.08,8.287
2/12/2021,0,130,37,0.03,8.317
2/13/2021,5,135,41,0.479,8.796
2/14/2021,0,135,41,0.07,8.866
2/15/2021,1,136,40,0.02,8.886
2/16/2021,1,137,41,0.06,8.946
2/17/2021,2,139,42,0.05,8.996
2/18/2021,2,141,40,0.13,9.126
2/19/2021,0,141,40,0.06,9.186
2/20/2021,0,141,39,0.04,9.226
2/21/2021,2,143,40,0.13,9.356
2/22/2021,1,144,41,0.07,9.426
2/23/2021,1,145,41,0.089,9.515
2/24/2021,2,147,42,0.03,9.545
2/25/2021,1,148,42,0.04,9.585
2/26/2021,0,148,40,0.04,9.625
2/27/2021,0,148,40,0.02,9.645
2/28/2021,2,150,41,0.14,9.785
3/1/2021,,,,,9.785
3/2/2021,0,150,40,0,9.785
3/3/2021,0,150,40,0,9.785
3/4/2021,0,150,40,0,9.785
3/5/2021,0,150,38,0.04,9.825
3/6/2021,5,155,43,0.3,10.125
3/7/2021,0,155,42,0,10.125
3/8/2021,0,155,42,0,10.125
3/9/2021,0,155,40,0,10.125
3/10/2021,0,155,40,0,10.125
3/11/2021,4,159,44,0.12,10.245
3/12/2021,1,160,43,0.059,10.304
3/13/2021,0,160,42,0.04,10.344
3/14/2021,0,160,42,0.05,10.394
3/15/2021,6,166,45,0.41,10.804
3/16/2021,6,172,48,0.45,11.254
3/17/2021,2,174,49,0.23,11.484
3/18/2021,7,181,55,0.42,11.904
3/19/2021,1,182,52,0.08,11.984
3/20/2021,0,182,51,0.05,12.034
3/21/2021,0,182,50,0.05,12.084
3/22/2021,3,185,52,0.26,12.344
3/23/2021,4,189,53,0.22,12.564
3/24/2021,3,192,54,0.17,12.734
3/25/2021,4,196,57,0.29,13.024
3/26/2021,5,201,59,0.19,13.214
3/27/2021,0,201,58,0,13.214
3/28/2021,3,204,57,0.089,13.303
3/29/2021,0,204,56,0,13.303
3/30/2021,0,204,55,0,13.303
3/31/2021,6,210,58,0.41,13.713
4/1/2021,1,211,58,0.12,13.833
4/2/2021,0,211,56,0,13.833
4/3/2021,0,211,54,0,13.833
4/4/2021,0,211,53,0,13.833
4/5/2021,0,211,52,0,13.833
4/6/2021,0,211,50,0,13.833
4/7/2021,0,211,49,0,13.833
4/8/2021,1,212,49,0,13.833
4/9/2021,0,212,49,0,13.833
4/10/2021,0,212,49,0,13.833
4/11/2021,0,212,49,0,13.833
4/12/2021,0,212,49,0,13.833
4/13/2021,0,212,49,0,13.833
4/14/2021,1,213,49,,13.833
4/15/2021,1,214,49,,13.833
,,,,,
10/15/2021,4,4,8,0.2,0.2
10/16/2021,0,4,8,0,0.2
10/17/2021,0,4,7,0,0.2
10/18/2021,0,4,7,0,0.2
10/19/2021,0,4,7,0,0.2
10/20/2021,2,6,7,0,0.2
10/21/2021,0,6,7,0,0.2
10/22/2021,0,6,6,0,0.2
10/23/2021,0,6,6,0,0.2
10/24/2021,1,7,6,0,0.2
10/25/2021,1,8,6,0.07,0.27
10/26/2021,0,8,6,0,0.27
10/27/2021,4,12,10,0.31,0.58
10/28/2021,0,12,10,0.01,0.59
10/29/2021,0,12,8,0,0.59
10/30/2021,0,12,8,0,0.59
10/31/2021,0,12,8,0,0.59
11/1/2021,3,15,11,0.13,0.72
11/2/2021,3,18,11,0.17,0.89
11/3/2021,2,20,13,0.05,0.94
11/4/2021,1,21,13,0.01,0.95
11/5/2021,0,21,12,0,0.95
11/6/2021,0,21,11,0,0.95
11/7/2021,0,21,11,0,0.95
11/8/2021,0,21,11,0,0.95
11/9/2021,0,21,10,0,0.95
11/10/2021,2,23,12,0.21,1.16
11/11/2021,4,27,16,0.13,1.29
11/12/2021,2,29,15,0.25,1.54
11/13/2021,0,29,14,0,1.54
11/14/2021,0,29,13,0,1.54
11/15/2021,0,29,13,0,1.54
11/16/2021,0,29,13,0,1.54
11/17/2021,1,30,14,0.089,1.629
11/18/2021,0,30,13,0,1.629
11/19/2021,0,30,13,0,1.629
11/20/2021,0,30,12,0,1.629
11/21/2021,2,32,14,0.11,1.739
11/22/2021,0,32,14,0,1.739
11/23/2021,0,32,14,0,1.739
11/24/2021,0,32,14,0.01,1.749
11/25/2021,3,35,16,0.099,1.848
11/26/2021,0,35,15,0,1.848
11/27/2021,0,35,15,0,1.848
11/28/2021,0,35,15,0,1.848
11/29/2021,0,35,14,0,1.848
11/30/2021,0,35,14,0,1.848
12/1/2021,0,35,14,0,1.848
12/2/2021,0,35,14,0,1.848
12/3/2021,0,35,13,0,1.848
12/4/2021,0,35,13,0,1.848
12/5/2021,0,35,13,0,1.848
12/6/2021,0,35,13,0,1.848
12/7/2021,1,36,14,0.04,1.888
12/8/2021,0,36,14,0,1.888
12/9/2021,1,37,15,0.13,2.018
12/10/2021,4,41,18,0.18,2.198
12/11/2021,3,44,20,0.15,2.348
12/12/2021,0,44,19,0,2.348
12/13/2021,0,44,19,0,2.348
12/14/2021,0,44,19,0,2.348
12/15/2021,0,44,17,0,2.348
12/16/2021,2,46,19,0.14,2.488
12/17/2021,1,47,19,0,2.488
12/18/2021,1,48,20,0.059,2.547
12/19/2021,0,48,19,0,2.547
12/20/2021,0,48,19,0,2.547
12/21/2021,0,48,19,0,2.547
12/22/2021,0,48,18,0,2.547
12/23/2021,0,48,17,0,2.547
12/24/2021,6,54,24,0.62,3.167
12/25/2021,8,62,29,0.619,3.786
12/26/2021,0,62,27,0.46,4.246
12/27/2021,4,66,29,0.3199,4.5659
12/28/2021,3,69,30,0.19,4.7559
12/29/2021,2,71,31,0.089,4.8449
12/30/2021,2,73,30,0.11,4.9549
12/31/2021,2,75,30,0.12,5.0749
1/1/2022,4,79,33,0.3,5.3749
1/2/2022,1,80,32,0.05,5.4249
1/3/2022,0,80,32,0,5.4249
1/4/2022,0,80,30,0,5.4249
1/5/2022,1,81,31,0.11,5.5349
1/6/2022,9,90,41,1.46,6.9949
1/7/2022,3,93,41,0.14,7.1349
1/8/2022,0,93,39,0,7.1349
1/9/2022,3,96,41,0.13,7.2649
1/10/2022,0,96,40,0,7.2649
1/11/2022,0,96,37,0,7.2649
1/12/2022,0,96,36,0,7.2649
1/13/2022,0,96,36,0,7.2649
1/14/2022,0,96,35,0,7.2649
1/15/2022,3,99,38,0.17,7.4349
1/16/2022,0,99,37,0,7.4349
1/17/2022,0,99,36,0,7.4349
1/18/2022,0,99,36,0,7.4349
1/19/2022,0,99,35,0,7.4349
1/20/2022,1,100,36,0,7.4349
1/21/2022,1,101,36,0.02,7.4549
1/22/2022,2,103,37,0.079,7.5339
1/23/2022,0,103,35,0,7.5339
1/24/2022,0,103,35,0,7.5339
1/25/2022,1,104,35,0.04,7.5739
1/26/2022,1,105,36,0.059,7.6329
1/27/2022,0,105,36,0,7.6329
1/28/2022,1,106,36,0.04,7.6729
1/29/2022,0,106,36,0,7.6729
1/30/2022,0,106,34,0,7.6729
1/31/2022,0,106,34,0,7.6729
2/1/2022,0,106,34,0,7.6729
2/2/2022,3,109,37,0.16,7.8329
2/3/2022,1,110,38,0,7.8329
2/4/2022,0,110,37,0,7.8329
2/5/2022,0,110,37,0,7.8329
2/6/2022,1,111,37,0.05,7.8829
2/7/2022,0,111,37,0,7.8829
2/8/2022,0,111,35,0,7.8829
2/9/2022,0,111,35,0,7.8829
2/10/2022,2,113,37,0.3,8.1829
2/11/2022,0,113,36,0,8.1829
2/12/2022,2,115,38,0.15,8.3329
2/13/2022,0,115,38,0,8.3329
2/14/2022,0,115,38,0,8.3329
2/15/2022,0,115,37,0,8.3329
2/16/2022,0,115,37,0,8.3329
2/17/2022,3,118,39,0.15,8.4829
2/18/2022,0,118,39,0,8.4829
2/19/2022,0,118,39,0,8.4829
2/20/2022,0,118,39,0,8.4829
2/21/2022,0,118,39,0,8.4829
2/22/2022,2,120,39,0.08,8.5629
2/23/2022,2,122,41,0.21,8.7729
2/24/2022,4,126,44,0.27,9.0429
2/25/2022,0,126,43,0.01,9.0529
2/26/2022,0,126,42,0.01,9.0629
2/27/2022,0,126,42,0,9.0629
2/28/2022,0,126,42,0,9.0629
3/1/2022,,,,,9.0629
3/2/2022,0,126,41,0,9.0629
3/3/2022,0,126,41,0,9.0629
3/4/2022,0,126,40,0,9.0629
3/5/2022,0,126,40,0,9.0629
3/6/2022,2,128,41,0.11,9.1729
3/7/2022,3,131,46,0.05,9.2229
3/8/2022,5,136,47,0.26,9.4829
3/9/2022,1,137,47,0.1,9.5829
3/10/2022,1,138,45,0.01,9.5929
3/11/2022,6,144,50,0.419,10.0119
3/12/2022,0,144,48,0.01,10.0219
3/13/2022,0,144,47,0.03,10.0519
3/14/2022,0,144,47,0,10.0519
3/15/2022,3,147,48,0.09,10.1419
3/16/2022,0,147,48,0.02,10.1619
3/17/2022,0,147,48,0,10.1619
3/18/2022,5,152,51,0.32,10.4819
3/19/2022,4,156,53,0.08,10.5619
3/20/2022,0,156,52,0,10.5619
3/21/2022,0,156,52,0,10.5619
3/22/2022,0,156,51,0.01,10.5719
3/23/2022,2,158,52,0.01,10.5819
3/24/2022,1,159,52,0.1,10.6819
3/25/2022,0,159,50,0,10.6819
3/26/2022,0,159,48,0,10.6819
3/27/2022,0,159,48,0,10.6819
3/28/2022,0,159,47,0,10.6819
3/29/2022,0,159,47,0,10.6819
3/30/2022,0,159,46,0,10.6819
3/31/2022,4,163,50,0.31,10.9919
4/1/2022,1,164,50,0.02,11.0119
4/2/2022,2,166,51,0.04,11.0519
4/3/2022,0,166,50,0.01,11.0619
4/4/2022,0,166,49,0,11.0619
4/5/2022,1,167,50,0.07,11.1319
4/6/2022,0,167,50,0,11.1319
4/7/2022,1,168,50,0.13,11.2619
4/8/2022,0,168,50,0,11.2619
4/9/2022,0,168,48,0,11.2619
4/10/2022,0,168,48,0,11.2619
4/11/2022,4,172,52,0.22,11.4819
4/12/2022,0,172,51,0,11.4819
4/13/2022,0,172,51,0.03,11.5119
4/14/2022,4,176,53,0.15,11.6619
4/15/2022,4,180,53,0,11.6619
,,,,,
10/15/2022,0,0,0,0,0
10/16/2022,0,0,0,0,0
10/17/2022,0,0,0,0,0
10/18/2022,0,0,0,0,0
10/19/2022,0,0,0,0,0
10/20/2022,0,0,0,0,0
10/21/2022,0,0,0,0,0
10/22/2022,0,0,0,0,0
10/23/2022,0,0,0,0,0
10/24/2022,3,3,3,0.22,0.22
10/25/2022,0,3,3,0,0.22
10/26/2022,2,5,5,0,0.22
10/27/2022,6,11,8,0.099,0.319
10/28/2022,3,14,10,,0.319
10/29/2022,0,14,8,0,0.319
10/30/2022,0,14,8,0,0.319
10/31/2022,0,14,7,0,0.319
11/1/2022,0,14,7,0,0.319
11/2/2022,0,14,7,0,0.319
11/3/2022,0,14,7,0,0.319
11/4/2022,6,20,11,0.4,0.719
11/5/2022,3,23,13,0.04,0.759
11/6/2022,2,25,14,0,0.759
11/7/2022,0,25,11,0,0.759
11/8/2022,0,25,11,0,0.759
11/9/2022,0,25,11,0,0.759
11/10/2022,3,28,12,0,0.759
11/11/2022,1,29,11,0,0.759
11/12/2022,0,29,11,0,0.759
11/13/2022,0,29,11,0,0.759
11/14/2022,1,30,12,0.07,0.829
11/15/2022,4,34,14,0.19,1.019
11/16/2022,1,35,13,0,1.019
11/17/2022,0,35,13,0,1.019
11/18/2022,1,36,14,0,1.019
11/19/2022,1,37,13,0.07,1.089
11/20/2022,0,37,13,0,1.089
11/21/2022,0,37,13,0,1.089
11/22/2022,0,37,13,0,1.089
11/23/2022,0,37,13,0,1.089
11/24/2022,1,38,13,0,1.089
11/25/2022,1,39,14,0,1.089
11/26/2022,0,39,13,0,1.089
11/27/2022,4,43,17,0.24,1.329
11/28/2022,1,44,18,0.03,1.359
11/29/2022,2,46,18,0.08,1.439
11/30/2022,2,48,20,0.22,1.659
12/1/2022,0,48,19,0,1.659
12/2/2022,0,48,19,0.01,1.669
12/3/2022,3,51,20,0.24,1.909
12/4/2022,5,56,22,0.19,2.099
12/5/2022,0,56,22,0,2.099
12/6/2022,5,61,25,0.22,2.319
12/7/2022,3,64,25,0.12,2.439
12/8/2022,2,66,26,0.08,2.519
12/9/2022,2,68,26,0.07,2.589
12/10/2022,0,68,24,0,2.589
12/11/2022,0,68,23,0,2.589
12/12/2022,0,68,23,0,2.589
12/13/2022,5,73,27,0.32,2.909
12/14/2022,3,76,27,0.29,3.199
12/15/2022,1,77,26,0.04,3.239
12/16/2022,1,78,26,0.07,3.309
12/17/2022,0,78,25,0,3.309
12/18/2022,0,78,24,0,3.309
12/19/2022,0,78,24,0,3.309
12/20/2022,0,78,24,0,3.309
12/21/2022,3,81,26,0.14,3.449
12/22/2022,4,85,29,0.4,3.849
12/23/2022,0,85,29,0,3.849
12/24/2022,1,86,28,0.04,3.889
12/25/2022,1,87,27,0.02,3.909
12/26/2022,4,91,31,0.23,4.139
12/27/2022,0,91,30,0.01,4.149
12/28/2022,0,91,30,0,4.149
12/29/2022,6,97,33,0.22,4.369
12/30/2022,0,97,32,0,4.369
12/31/2022,6,103,36,0.24,4.609
1/1/2023,4,107,37,0.44,5.049
1/2/2023,1,108,37,0.04,5.089
1/3/2023,2,110,38,0.05,5.139
1/4/2023,5,115,41,0.2,5.339
1/5/2023,1,116,37,0.02,5.359
1/6/2023,0,116,36,0,5.359
1/7/2023,5,121,39,0.1,5.459
1/8/2023,1,122,37,0.02,5.479
1/9/2023,0,122,37,0,5.479
1/10/2023,0,122,37,0,5.479
1/11/2023,0,122,37,0,5.479
1/12/2023,2,124,34,0.1,5.579
1/13/2023,0,124,34,0,5.579
1/14/2023,0,124,34,0,5.579
1/15/2023,0,124,32,0,5.579
1/16/2023,5,129,37,0.29,5.869
1/17/2023,1,130,37,0.05,5.919
1/18/2023,10,140,45,0.55,6.469
1/19/2023,3,143,44,0.14,6.609
1/20/2023,0,143,42,0,6.609
1/21/2023,0,143,41,0,6.609
1/22/2023,2,145,41,0.08,6.689
1/23/2023,0,145,41,0,6.689
1/24/2023,0,145,41,0,6.689
1/25/2023,1,146,40,0.03,6.719
1/26/2023,1,147,40,0.02,6.739
1/27/2023,2,149,41,0.08,6.819
1/28/2023,4,153,43,0.32,7.139
1/29/2023,1,154,42,0.07,7.209
1/30/2023,0,154,42,0,7.209
1/31/2023,4,158,45,0.26,7.469
2/1/2023,0,158,43,0,7.469
2/2/2023,0.5,158.5,43,0.1,7.569
2/3/2023,0,158.5,42,0,7.569
2/4/2023,0,158.5,41,0,7.569
2/5/2023,0,158.5,40,0,7.569
2/6/2023,3,161.5,42,0.12,7.689
2/7/2023,0,161.5,42,0,7.689
2/8/2023,0,161.5,42,0,7.689
2/9/2023,2,163.5,43,0.1,7.789
2/10/2023,1,164.5,42,0.02,7.809
2/11/2023,0,164.5,41,0,7.809
2/12/2023,0,164.5,41,0,7.809
2/13/2023,0,164.5,41,0,7.809
2/14/2023,1,165.5,41,0.02,7.829
2/15/2023,2,167.5,42,0.16,7.989
2/16/2023,1,168.5,42,0.02,8.009
2/17/2023,0,168.5,41,0,8.009
2/18/2023,0,168.5,41,0,8.009
2/19/2023,0,168.5,41,0,8.009
2/20/2023,0,168.5,41,0,8.009
2/21/2023,1,169.5,41,0.02,8.029
2/22/2023,0,169.5,41,0,8.029
2/23/2023,5,174.5,46,0.46,8.489
2/24/2023,0,174.5,45,0,8.489
2/25/2023,1,175.5,44,0,8.489
2/26/2023,0,175.5,44,0,8.489
2/27/2023,1,176.5,45,0,8.489
2/28/2023,1,177.5,45,0.02,8.509
3/1/2023,,,,,
3/2/2023,4,181.5,47,0.26,8.769
3/3/2023,2,183.5,46,0.1,8.869
3/4/2023,0,183.5,45,0,8.869
3/5/2023,1,184.5,46,0.11,8.979
3/6/2023,0,184.5,45,0,8.979
3/7/2023,0,184.5,45,0,8.979
3/8/2023,0,184.5,44,0,8.979
3/9/2023,0,184.5,44,0,8.979
3/10/2023,1,185.5,45,0.03,9.009
3/11/2023,0,185.5,43,0,9.009
3/12/2023,6,191.5,49,0.6,9.609
3/13/2023,5,196.5,53,0.31,9.919
3/14/2023,4,200.5,56,0.22,10.139
3/15/2023,0,200.5,53,0,10.139
3/16/2023,0,200.5,52,0,10.139
3/17/2023,2,202.5,53,0.06,10.199
3/18/2023,0,202.5,53,0,10.199
3/19/2023,0,202.5,52,0,10.199
3/20/2023,0,202.5,51,0,10.199
3/21/2023,0,202.5,51,0,10.199
3/22/2023,3,205.5,53,0,10.199
3/23/2023,2,207.5,53,0,10.199
3/24/2023,3,210.5,56,0,10.199
3/25/2023,2,212.5,56,0,10.199
3/26/2023,2,214.5,55,0,10.199
3/27/2023,1,215.5,55,0,10.199
3/28/2023,1,216.5,56,0,10.199
3/29/2023,1,217.5,56,0,10.199
3/30/2023,0,217.5,54,0,10.199
3/31/2023,0,217.5,54,0,10.199
4/1/2023,5,222.5,57,0.25,10.449
4/2/2023,7,229.5,60,0.55,10.999
4/3/2023,0,229.5,58,0,10.999
4/4/2023,0,229.5,58,0,10.999
4/5/2023,0,229.5,55,0,10.999
4/6/2023,2,231.5,56,0.12,11.119
4/7/2023,0,231.5,56,0,11.119
4/8/2023,0,231.5,55,0,11.119
4/9/2023,0,231.5,53,0,11.119
4/10/2023,0,231.5,53,0.01,11.129
4/11/2023,0,231.5,53,0,11.129
4/12/2023,0,231.5,52,0,11.129
4/13/2023,0,231.5,51,0,11.129
4/14/2023,0,231.5,50,0,11.129
4/15/2023,0,231.5,50,0,11.129
